,date,value,state
0,2021-01-13,1000000.0,bull
1,2021-01-14,1000000.0,bull
2,2021-01-15,1000000.0,bull
3,2021-01-18,1000000.0,bull
4,2021-01-19,1000000.0,bull
5,2021-01-20,1000000.0,bull
6,2021-01-21,1000000.0,bull
7,2021-01-22,1000000.0,bull
8,2021-01-25,1000000.0,bull
9,2021-01-26,1000000.0,bull
10,2021-01-27,1000000.0,bull
11,2021-01-28,959137.0,oscillate
12,2021-01-29,951246.0,oscillate
13,2021-02-01,959167.0,oscillate
14,2021-02-02,994725.0,oscillate
15,2021-02-03,992658.0,bull
16,2021-02-04,992122.0,bull
17,2021-02-05,984118.0,oscillate
18,2021-02-08,1010496.0,bull
19,2021-02-09,1038520.0,bull
20,2021-02-10,1067177.0,bull
21,2021-02-18,1067134.0,bull
22,2021-02-19,1079135.0,bull
23,2021-02-22,1016259.0,bull
24,2021-02-23,1000547.0,bull
25,2021-02-24,946544.0,bull
26,2021-02-25,925668.0,bull
27,2021-02-26,891813.0,oscillate
28,2021-03-01,912047.0,oscillate
29,2021-03-02,920241.0,oscillate
30,2021-03-03,953257.0,oscillate
31,2021-03-04,904178.0,oscillate
32,2021-03-05,901755.0,oscillate
33,2021-03-08,856152.0,oscillate
34,2021-03-09,843410.0,oscillate
35,2021-03-10,994375.0,oscillate
36,2021-03-11,1021456.0,oscillate
37,2021-03-12,1051840.0,oscillate
38,2021-03-15,1097118.0,oscillate
39,2021-03-16,1077190.0,oscillate
40,2021-03-17,1095634.0,oscillate
41,2021-03-18,1098363.0,oscillate
42,2021-03-19,1085040.0,oscillate
43,2021-03-22,1093745.0,oscillate
44,2021-03-23,1052959.0,oscillate
45,2021-03-24,1032393.0,oscillate
46,2021-03-25,1014916.0,oscillate
47,2021-03-26,1026955.0,oscillate
48,2021-03-29,1081896.0,bull
49,2021-03-30,1086928.0,bull
50,2021-03-31,1049629.0,oscillate
51,2021-04-01,1048517.0,oscillate
52,2021-04-02,1042734.0,bull
53,2021-04-06,1032972.0,bull
54,2021-04-07,1028098.0,bull
55,2021-04-08,1031822.0,oscillate
56,2021-04-09,1028201.0,bull
57,2021-04-12,1027874.0,oscillate
58,2021-04-13,1014587.0,oscillate
59,2021-04-14,1022887.0,bull
60,2021-04-15,1028479.0,bull
61,2021-04-16,1039773.0,oscillate
62,2021-04-19,1035308.0,bull
63,2021-04-20,1049852.0,oscillate
64,2021-04-21,1063824.0,bull
65,2021-04-22,1099160.0,oscillate
66,2021-04-23,1059826.0,oscillate
67,2021-04-26,1034081.0,oscillate
68,2021-04-27,1032430.0,oscillate
69,2021-04-28,1047095.0,bull
70,2021-04-29,1004962.0,bull
71,2021-04-30,1013571.0,bull
72,2021-05-06,995666.0,bull
73,2021-05-07,972462.0,bull
74,2021-05-10,1004567.0,bull
75,2021-05-11,998188.0,bull
76,2021-05-12,1026656.0,oscillate
77,2021-05-13,1034131.0,oscillate
78,2021-05-14,1070943.0,bull
79,2021-05-17,1084143.0,bull
80,2021-05-18,1077607.0,bull
81,2021-05-19,1093433.0,bull
82,2021-05-20,1068499.0,bull
83,2021-05-21,1059313.0,bull
84,2021-05-24,1055128.0,oscillate
85,2021-05-25,1089013.0,bull
86,2021-05-26,1079811.0,bull
87,2021-05-27,1083612.0,bull
88,2021-05-28,1077378.0,bull
89,2021-05-31,1113133.0,bull
90,2021-06-01,1019170.0,bull
91,2021-06-02,994259.0,bull
92,2021-06-03,989555.0,bull
93,2021-06-04,997399.0,bull
94,2021-06-07,1003790.0,bull
95,2021-06-08,974984.0,bull
96,2021-06-09,959550.0,bull
97,2021-06-10,960333.0,bull
98,2021-06-11,927535.0,bull
99,2021-06-15,908675.0,oscillate
100,2021-06-16,914070.0,oscillate
101,2021-06-17,918307.0,oscillate
102,2021-06-18,932345.0,oscillate
103,2021-06-21,966549.0,oscillate
104,2021-06-22,976961.0,oscillate
105,2021-06-23,986522.0,oscillate
106,2021-06-24,988621.0,oscillate
107,2021-06-25,987494.0,oscillate
108,2021-06-28,1015947.0,oscillate
109,2021-06-29,1028728.0,oscillate
110,2021-06-30,1058470.0,oscillate
111,2021-07-01,1059156.0,oscillate
112,2021-07-02,1049367.0,oscillate
113,2021-07-05,1061144.0,oscillate
114,2021-07-06,1025543.0,bull
115,2021-07-07,1032209.0,bull
116,2021-07-08,1021059.0,oscillate
117,2021-07-09,1020115.0,oscillate
118,2021-07-12,1042901.0,bull
119,2021-07-13,1044790.0,oscillate
120,2021-07-14,1054144.0,oscillate
121,2021-07-15,1050772.0,oscillate
122,2021-07-16,1043528.0,oscillate
123,2021-07-19,1035332.0,oscillate
124,2021-07-20,1037891.0,oscillate
125,2021-07-21,1037740.0,oscillate
126,2021-07-22,1049500.0,bull
127,2021-07-23,1035996.0,bull
128,2021-07-26,1016983.0,oscillate
129,2021-07-27,993900.0,oscillate
130,2021-07-28,992716.0,oscillate
131,2021-07-29,1035728.0,oscillate
132,2021-07-30,1041297.0,oscillate
133,2021-08-02,1068815.0,oscillate
134,2021-08-03,1057843.0,oscillate
135,2021-08-04,1070713.0,oscillate
136,2021-08-05,1045902.0,oscillate
137,2021-08-06,1040840.0,oscillate
138,2021-08-09,1056297.0,oscillate
139,2021-08-10,1044761.0,oscillate
140,2021-08-11,1046447.0,oscillate
141,2021-08-12,1055700.0,oscillate
142,2021-08-13,1067204.0,oscillate
143,2021-08-16,1040882.0,oscillate
144,2021-08-17,1012998.0,oscillate
145,2021-08-18,1025228.0,oscillate
146,2021-08-19,1027654.0,oscillate
147,2021-08-20,1026269.0,oscillate
148,2021-08-23,1058127.0,oscillate
149,2021-08-24,1042211.0,oscillate
150,2021-08-25,1039261.0,oscillate
151,2021-08-26,1032995.0,oscillate
152,2021-08-27,1030793.0,oscillate
153,2021-08-30,1022203.0,oscillate
154,2021-08-31,1012948.0,oscillate
155,2021-09-01,1005040.0,oscillate
156,2021-09-02,1020787.0,oscillate
157,2021-09-03,993279.0,oscillate
158,2021-09-06,1020503.0,oscillate
159,2021-09-07,1027401.0,oscillate
160,2021-09-08,1021204.0,oscillate
161,2021-09-09,1021371.0,oscillate
162,2021-09-10,999972.0,oscillate
163,2021-09-13,1015484.0,oscillate
164,2021-09-14,993722.0,oscillate
165,2021-09-15,991228.0,oscillate
166,2021-09-16,976427.0,oscillate
167,2021-09-17,959399.0,oscillate
168,2021-09-22,978646.0,oscillate
169,2021-09-23,983062.0,oscillate
170,2021-09-24,1017052.0,oscillate
171,2021-09-27,1007963.0,oscillate
172,2021-09-28,1011930.0,oscillate
173,2021-09-29,967762.0,oscillate
174,2021-09-30,996757.0,oscillate
175,2021-10-08,981077.0,oscillate
176,2021-10-11,1019190.0,oscillate
177,2021-10-12,996031.0,oscillate
178,2021-10-13,980342.0,oscillate
179,2021-10-14,975957.0,oscillate
180,2021-10-15,992048.0,oscillate
181,2021-10-18,1005094.0,oscillate
182,2021-10-19,1013201.0,oscillate
183,2021-10-20,984673.0,oscillate
184,2021-10-21,1030511.0,oscillate
185,2021-10-22,1000000.0,oscillate
186,2021-10-25,1016523.0,oscillate
187,2021-10-26,1009264.0,oscillate
188,2021-10-27,998321.0,oscillate
189,2021-10-28,1011487.0,oscillate
190,2021-10-29,1023351.0,oscillate
191,2021-11-01,1033901.0,oscillate
192,2021-11-02,1022633.0,oscillate
193,2021-11-03,1022796.0,oscillate
194,2021-11-04,1051485.0,oscillate
195,2021-11-05,1045815.0,oscillate
196,2021-11-08,1050038.0,oscillate
197,2021-11-09,1046345.0,oscillate
198,2021-11-10,1034364.0,oscillate
199,2021-11-11,1030963.0,oscillate
200,2021-11-12,1015400.0,oscillate
201,2021-11-15,1029400.0,oscillate
202,2021-11-16,1029906.0,oscillate
203,2021-11-17,1030195.0,oscillate
204,2021-11-18,1014988.0,oscillate
205,2021-11-19,1029917.0,oscillate
206,2021-11-22,1046987.0,oscillate
207,2021-11-23,1047112.0,oscillate
208,2021-11-24,1047167.0,oscillate
209,2021-11-25,1037425.0,oscillate
210,2021-11-26,1031652.0,oscillate
211,2021-11-29,1023362.0,oscillate
212,2021-11-30,1024225.0,oscillate
213,2021-12-01,1020954.0,oscillate
214,2021-12-02,1009076.0,oscillate
215,2021-12-03,1027480.0,oscillate
216,2021-12-06,1018980.0,oscillate
217,2021-12-07,1011788.0,oscillate
218,2021-12-08,1033961.0,oscillate
219,2021-12-09,1029599.0,oscillate
220,2021-12-10,1030256.0,oscillate
221,2021-12-13,1039879.0,oscillate
222,2021-12-14,1037497.0,oscillate
223,2021-12-15,1033537.0,oscillate
224,2021-12-16,1066645.0,oscillate
225,2021-12-17,1048377.0,oscillate
226,2021-12-20,1039355.0,oscillate
227,2021-12-21,1046282.0,oscillate
228,2021-12-22,1043652.0,oscillate
229,2021-12-23,1064307.0,oscillate
230,2021-12-24,1003878.0,oscillate
231,2021-12-27,1024352.0,oscillate
232,2021-12-28,1029719.0,oscillate
233,2021-12-29,1014760.0,oscillate
234,2021-12-30,1018069.0,oscillate
235,2021-12-31,1034334.0,oscillate
236,2022-01-04,1048679.0,oscillate
237,2022-01-05,1044607.0,oscillate
238,2022-01-06,1055488.0,oscillate
239,2022-01-07,1042910.0,oscillate
240,2022-01-10,1041982.0,oscillate
241,2022-01-11,1029610.0,oscillate
242,2022-01-12,1050878.0,oscillate
243,2022-01-13,1070758.0,oscillate
244,2022-01-14,1074038.0,oscillate
245,2022-01-17,1113719.0,oscillate
246,2022-01-18,1100293.0,oscillate
247,2022-01-19,1099119.0,oscillate
248,2022-01-20,1097275.0,oscillate
249,2022-01-21,1052758.0,oscillate
250,2022-01-24,1054200.0,oscillate
251,2022-01-25,1018155.0,oscillate
252,2022-01-26,1011582.0,oscillate
253,2022-01-27,982642.0,oscillate
254,2022-01-28,975166.0,oscillate
255,2022-02-07,970213.0,oscillate
256,2022-02-08,971803.0,oscillate
257,2022-02-09,1017428.0,oscillate
258,2022-02-10,1027882.0,oscillate
259,2022-02-11,1016055.0,oscillate
260,2022-02-14,1035090.0,oscillate
261,2022-02-15,1028614.0,oscillate
262,2022-02-16,1018324.0,oscillate
263,2022-02-17,1017453.0,oscillate
264,2022-02-18,1041058.0,oscillate
265,2022-02-21,1052226.0,oscillate
266,2022-02-22,1045498.0,oscillate
267,2022-02-23,1030663.0,oscillate
268,2022-02-24,1015560.0,oscillate
269,2022-02-25,998064.0,oscillate
270,2022-02-28,1016647.0,oscillate
271,2022-03-01,1030795.0,oscillate
272,2022-03-02,1031511.0,oscillate
273,2022-03-03,1027370.0,oscillate
274,2022-03-04,1033396.0,oscillate
275,2022-03-07,1031087.0,oscillate
276,2022-03-08,974612.0,oscillate
277,2022-03-09,987886.0,oscillate
278,2022-03-10,984439.0,oscillate
279,2022-03-11,984303.0,oscillate
280,2022-03-14,950228.0,oscillate
281,2022-03-15,891977.0,oscillate
282,2022-03-16,915755.0,oscillate
283,2022-03-17,923047.0,oscillate
284,2022-03-18,941997.0,oscillate
285,2022-03-21,965607.0,oscillate
286,2022-03-22,975539.0,oscillate
287,2022-03-23,963958.0,oscillate
288,2022-03-24,974374.0,oscillate
289,2022-03-25,973216.0,oscillate
290,2022-03-28,1059886.0,oscillate
291,2022-03-29,1074467.0,oscillate
292,2022-03-30,1064531.0,oscillate
293,2022-03-31,1077718.0,oscillate
294,2022-04-01,1093921.0,oscillate
295,2022-04-06,1093415.0,oscillate
296,2022-04-07,1084111.0,oscillate
297,2022-04-08,1106665.0,oscillate
298,2022-04-11,1099768.0,oscillate
299,2022-04-12,1088018.0,oscillate
300,2022-04-13,1086399.0,oscillate
301,2022-04-14,1108533.0,oscillate
302,2022-04-15,1083858.0,oscillate
303,2022-04-18,1056866.0,oscillate
304,2022-04-19,1074114.0,oscillate
305,2022-04-20,1076804.0,oscillate
306,2022-04-21,1064681.0,oscillate
307,2022-04-22,1064339.0,oscillate
308,2022-04-25,1032037.0,oscillate
309,2022-04-26,1032376.0,oscillate
310,2022-04-27,1052298.0,oscillate
311,2022-04-28,1078471.0,oscillate
312,2022-04-29,1073189.0,oscillate
313,2022-05-05,1072152.0,oscillate
314,2022-05-06,1059778.0,oscillate
315,2022-05-09,1053192.0,oscillate
316,2022-05-10,1038577.0,oscillate
317,2022-05-11,1046796.0,oscillate
318,2022-05-12,1037299.0,oscillate
319,2022-05-13,1064354.0,oscillate
320,2022-05-16,1000000.0,oscillate
321,2022-05-17,976441.0,oscillate
322,2022-05-18,987900.0,oscillate
323,2022-05-19,989841.0,oscillate
324,2022-05-20,998821.0,oscillate
325,2022-05-23,993499.0,oscillate
326,2022-05-24,976281.0,oscillate
327,2022-05-25,969484.0,oscillate
328,2022-05-26,961172.0,oscillate
329,2022-05-27,968288.0,oscillate
330,2022-05-30,976096.0,oscillate
331,2022-05-31,996284.0,oscillate
332,2022-06-01,998346.0,oscillate
333,2022-06-02,1007394.0,oscillate
334,2022-06-06,1031956.0,oscillate
335,2022-06-07,1000000.0,oscillate
336,2022-06-08,1014293.0,oscillate
337,2022-06-09,1008320.0,oscillate
338,2022-06-10,1023055.0,oscillate
339,2022-06-13,1016806.0,oscillate
340,2022-06-14,1024810.0,oscillate
341,2022-06-15,1013956.0,oscillate
342,2022-06-16,1007669.0,oscillate
343,2022-06-17,1018696.0,oscillate
344,2022-06-20,995061.0,oscillate
345,2022-06-21,992260.0,oscillate
346,2022-06-22,991180.0,oscillate
347,2022-06-23,1006885.0,oscillate
348,2022-06-24,1016795.0,oscillate
349,2022-06-27,1034457.0,oscillate
350,2022-06-28,1011340.0,oscillate
351,2022-06-29,989922.0,oscillate
352,2022-06-30,1002031.0,oscillate
353,2022-07-01,997237.0,oscillate
354,2022-07-04,1005347.0,oscillate
355,2022-07-05,988058.0,oscillate
356,2022-07-06,987353.0,oscillate
357,2022-07-07,990964.0,oscillate
358,2022-07-08,988670.0,oscillate
359,2022-07-11,974269.0,oscillate
360,2022-07-12,955310.0,oscillate
361,2022-07-13,963376.0,oscillate
362,2022-07-14,968170.0,oscillate
363,2022-07-15,973432.0,oscillate
364,2022-07-18,1001582.0,oscillate
365,2022-07-19,1039532.0,oscillate
366,2022-07-20,1037397.0,oscillate
367,2022-07-21,1036645.0,oscillate
368,2022-07-22,1063269.0,oscillate
369,2022-07-25,1031128.0,oscillate
370,2022-07-26,1067076.0,oscillate
371,2022-07-27,1070769.0,oscillate
372,2022-07-28,1081519.0,oscillate
373,2022-07-29,1077177.0,oscillate
374,2022-08-01,1106301.0,oscillate
375,2022-08-02,1114784.0,oscillate
376,2022-08-03,1090037.0,oscillate
377,2022-08-04,1113415.0,oscillate
378,2022-08-05,1122251.0,oscillate
379,2022-08-08,1134040.0,oscillate
380,2022-08-09,1102356.0,oscillate
381,2022-08-10,1097449.0,oscillate
382,2022-08-11,1120704.0,oscillate
383,2022-08-12,1115144.0,oscillate
384,2022-08-15,1112759.0,oscillate
385,2022-08-16,1119081.0,oscillate
386,2022-08-17,1114173.0,oscillate
387,2022-08-18,1114398.0,oscillate
388,2022-08-19,1098930.0,oscillate
389,2022-08-22,1098751.0,oscillate
390,2022-08-23,1117950.0,oscillate
391,2022-08-24,1100300.0,oscillate
392,2022-08-25,1082959.0,oscillate
393,2022-08-26,1076794.0,oscillate
394,2022-08-29,1106037.0,oscillate
395,2022-08-30,1060526.0,oscillate
396,2022-08-31,1033360.0,oscillate
397,2022-09-01,1054333.0,oscillate
398,2022-09-02,1060308.0,oscillate
399,2022-09-05,1047842.0,oscillate
400,2022-09-06,1042908.0,oscillate
401,2022-09-07,1062354.0,oscillate
402,2022-09-08,1030336.0,oscillate
403,2022-09-09,1008689.0,oscillate
404,2022-09-13,1017861.0,oscillate
405,2022-09-14,1001560.0,oscillate
406,2022-09-15,981690.0,oscillate
407,2022-09-16,977546.0,oscillate
408,2022-09-19,973491.0,oscillate
409,2022-09-20,978529.0,oscillate
410,2022-09-21,963924.0,oscillate
411,2022-09-22,955141.0,oscillate
412,2022-09-23,965924.0,oscillate
413,2022-09-26,982842.0,oscillate
414,2022-09-27,1010638.0,oscillate
415,2022-09-28,1012839.0,oscillate
416,2022-09-29,995349.0,oscillate
417,2022-09-30,988053.0,oscillate
418,2022-10-10,957322.0,oscillate
419,2022-10-11,965224.0,oscillate
420,2022-10-12,968194.0,oscillate
421,2022-10-13,961658.0,oscillate
422,2022-10-14,963121.0,oscillate
423,2022-10-17,964889.0,oscillate
424,2022-10-18,969123.0,oscillate
425,2022-10-19,994783.0,oscillate
426,2022-10-20,980741.0,oscillate
427,2022-10-21,984836.0,oscillate
428,2022-10-24,971442.0,oscillate
429,2022-10-25,961651.0,oscillate
430,2022-10-26,978012.0,oscillate
431,2022-10-27,969502.0,oscillate
432,2022-10-28,951944.0,oscillate
433,2022-10-31,943125.0,oscillate
434,2022-11-01,959237.0,oscillate
435,2022-11-02,967450.0,oscillate
436,2022-11-03,969958.0,oscillate
437,2022-11-04,972300.0,oscillate
438,2022-11-07,972265.0,oscillate
439,2022-11-08,972071.0,oscillate
440,2022-11-09,1000000.0,oscillate
441,2022-11-10,998589.0,oscillate
442,2022-11-11,1009003.0,oscillate
443,2022-11-14,996715.0,oscillate
444,2022-11-15,1002215.0,oscillate
445,2022-11-16,1010247.0,oscillate
446,2022-11-17,1018766.0,oscillate
447,2022-11-18,1033173.0,oscillate
448,2022-11-21,1018701.0,oscillate
449,2022-11-22,1011354.0,oscillate
450,2022-11-23,996920.0,oscillate
451,2022-11-24,998929.0,oscillate
452,2022-11-25,989952.0,oscillate
453,2022-11-28,981871.0,oscillate
454,2022-11-29,996500.0,oscillate
455,2022-11-30,1013200.0,oscillate
456,2022-12-01,1021921.0,oscillate
457,2022-12-02,1007685.0,oscillate
458,2022-12-05,1027408.0,oscillate
459,2022-12-06,1023973.0,oscillate
460,2022-12-07,1019376.0,oscillate
461,2022-12-08,1017148.0,oscillate
462,2022-12-09,1032433.0,oscillate
463,2022-12-12,1021092.0,oscillate
464,2022-12-13,1032082.0,oscillate
465,2022-12-14,1032452.0,oscillate
466,2022-12-15,1017291.0,oscillate
467,2022-12-16,1025995.0,oscillate
468,2022-12-19,1017564.0,oscillate
469,2022-12-20,1000855.0,oscillate
470,2022-12-21,1000000.0,oscillate
471,2022-12-22,1010966.0,oscillate
472,2022-12-23,1013729.0,oscillate
473,2022-12-26,1011070.0,oscillate
474,2022-12-27,1024569.0,oscillate
475,2022-12-28,1021094.0,oscillate
476,2022-12-29,1017942.0,oscillate
477,2022-12-30,1024101.0,oscillate
478,2023-01-03,1007411.0,oscillate
479,2023-01-04,1015527.0,oscillate
480,2023-01-05,1053155.0,oscillate
481,2023-01-06,1057665.0,oscillate
482,2023-01-09,1088311.0,oscillate
483,2023-01-10,1087864.0,oscillate
484,2023-01-11,1076598.0,oscillate
485,2023-01-12,1024248.0,oscillate
486,2023-01-13,1034414.0,oscillate
487,2023-01-16,1037189.0,oscillate
488,2023-01-17,1031134.0,oscillate
489,2023-01-18,1037607.0,oscillate
490,2023-01-19,1039094.0,oscillate
491,2023-01-20,1041158.0,oscillate
492,2023-01-30,1051809.0,oscillate
493,2023-01-31,1032865.0,oscillate
494,2023-02-01,1044502.0,oscillate
495,2023-02-02,1062526.0,oscillate
496,2023-02-03,1072266.0,oscillate
497,2023-02-06,1082730.0,oscillate
498,2023-02-07,1071644.0,oscillate
499,2023-02-08,1064960.0,oscillate
500,2023-02-09,1025974.0,oscillate
501,2023-02-10,1036650.0,oscillate
502,2023-02-13,1056184.0,oscillate
503,2023-02-14,1066897.0,oscillate
504,2023-02-15,1067795.0,oscillate
505,2023-02-16,1053374.0,oscillate
506,2023-02-17,1037614.0,oscillate
507,2023-02-20,1046410.0,oscillate
508,2023-02-21,1041734.0,oscillate
509,2023-02-22,1055097.0,oscillate
510,2023-02-23,1050844.0,oscillate
511,2023-02-24,1052775.0,oscillate
512,2023-02-27,1043675.0,oscillate
513,2023-02-28,1053136.0,oscillate
514,2023-03-01,1072179.0,oscillate
515,2023-03-02,1026602.0,oscillate
516,2023-03-03,1021776.0,oscillate
517,2023-03-06,1016532.0,oscillate
518,2023-03-07,993263.0,oscillate
519,2023-03-08,1000472.0,oscillate
520,2023-03-09,997897.0,oscillate
521,2023-03-10,992214.0,oscillate
522,2023-03-13,1024182.0,oscillate
523,2023-03-14,1014131.0,oscillate
524,2023-03-15,1009864.0,oscillate
525,2023-03-16,1005321.0,oscillate
526,2023-03-17,1009189.0,oscillate
527,2023-03-20,989865.0,oscillate
528,2023-03-21,1010165.0,oscillate
529,2023-03-22,1004686.0,oscillate
530,2023-03-23,1033088.0,oscillate
531,2023-03-24,1049084.0,oscillate
532,2023-03-27,1050384.0,oscillate
533,2023-03-28,1035643.0,oscillate
534,2023-03-29,1028997.0,oscillate
535,2023-03-30,1023175.0,oscillate
536,2023-03-31,1057653.0,oscillate
537,2023-04-03,1091896.0,oscillate
538,2023-04-04,1102140.0,oscillate
539,2023-04-06,1082307.0,oscillate
540,2023-04-07,1122160.0,oscillate
541,2023-04-10,1087372.0,oscillate
542,2023-04-11,1112377.0,oscillate
543,2023-04-12,1142880.0,oscillate
544,2023-04-13,1117383.0,oscillate
545,2023-04-14,1113956.0,oscillate
546,2023-04-17,1088617.0,oscillate
547,2023-04-18,1109986.0,oscillate
548,2023-04-19,1112761.0,bull
549,2023-04-20,1143064.0,oscillate
550,2023-04-21,1129727.0,oscillate
551,2023-04-24,1163678.0,oscillate
552,2023-04-25,1169849.0,oscillate
553,2023-04-26,1143408.0,oscillate
554,2023-04-27,1104093.0,oscillate
555,2023-04-28,1140936.0,oscillate
556,2023-05-04,1173083.0,oscillate
557,2023-05-05,1163052.0,oscillate
558,2023-05-08,1163903.0,oscillate
559,2023-05-09,1117794.0,oscillate
560,2023-05-10,1036047.0,oscillate
561,2023-05-11,1036381.0,oscillate
562,2023-05-12,1022471.0,oscillate
563,2023-05-15,1009012.0,oscillate
564,2023-05-16,981583.0,oscillate
565,2023-05-17,984303.0,oscillate
566,2023-05-18,997411.0,oscillate
567,2023-05-19,984073.0,oscillate
568,2023-05-22,974807.0,oscillate
569,2023-05-23,959679.0,oscillate
570,2023-05-24,959490.0,oscillate
571,2023-05-25,962272.0,oscillate
572,2023-05-26,979901.0,oscillate
573,2023-05-29,988498.0,oscillate
574,2023-05-30,991144.0,oscillate
575,2023-05-31,1002100.0,oscillate
576,2023-06-01,1033431.0,oscillate
577,2023-06-02,1025754.0,oscillate
578,2023-06-05,1045812.0,oscillate
579,2023-06-06,1027605.0,oscillate
580,2023-06-07,1043550.0,oscillate
581,2023-06-08,1018285.0,oscillate
582,2023-06-09,1020033.0,oscillate
583,2023-06-12,1032842.0,oscillate
584,2023-06-13,1055824.0,oscillate
585,2023-06-14,1060067.0,oscillate
586,2023-06-15,1055838.0,oscillate
587,2023-06-16,1071131.0,oscillate
588,2023-06-19,1072139.0,oscillate
589,2023-06-20,1078361.0,oscillate
590,2023-06-21,1055364.0,oscillate
591,2023-06-26,1041027.0,oscillate
592,2023-06-27,1048850.0,oscillate
593,2023-06-28,1040625.0,oscillate
594,2023-06-29,1072806.0,oscillate
595,2023-06-30,1087581.0,oscillate
596,2023-07-03,1054151.0,oscillate
597,2023-07-04,1054193.0,oscillate
598,2023-07-05,1053135.0,oscillate
599,2023-07-06,1046759.0,oscillate
600,2023-07-07,1032508.0,oscillate
601,2023-07-10,1033412.0,oscillate
602,2023-07-11,1029909.0,oscillate
603,2023-07-12,1005529.0,oscillate
604,2023-07-13,1009773.0,oscillate
605,2023-07-14,1000000.0,oscillate
606,2023-07-17,996514.0,oscillate
607,2023-07-18,990911.0,oscillate
608,2023-07-19,991327.0,oscillate
609,2023-07-20,981803.0,oscillate
610,2023-07-21,979888.0,oscillate
611,2023-07-24,981680.0,oscillate
612,2023-07-25,1001342.0,oscillate
613,2023-07-26,995249.0,oscillate
614,2023-07-27,997334.0,oscillate
615,2023-07-28,995514.0,oscillate
616,2023-07-31,991834.0,oscillate
617,2023-08-01,991289.0,oscillate
618,2023-08-02,986767.0,oscillate
619,2023-08-03,980676.0,oscillate
620,2023-08-04,1000000.0,oscillate
621,2023-08-07,990876.0,oscillate
622,2023-08-08,990053.0,oscillate
623,2023-08-09,990399.0,oscillate
624,2023-08-10,998851.0,oscillate
625,2023-08-11,986035.0,oscillate
626,2023-08-14,979396.0,oscillate
627,2023-08-15,976631.0,oscillate
628,2023-08-16,973238.0,oscillate
629,2023-08-17,991977.0,oscillate
630,2023-08-18,973317.0,oscillate
631,2023-08-21,983393.0,oscillate
632,2023-08-22,982381.0,oscillate
633,2023-08-23,973929.0,oscillate
634,2023-08-24,988754.0,oscillate
635,2023-08-25,1009063.0,oscillate
636,2023-08-28,1011813.0,oscillate
637,2023-08-29,1032543.0,oscillate
638,2023-08-30,1032081.0,oscillate
639,2023-08-31,1035961.0,oscillate
640,2023-09-01,1052160.0,oscillate
641,2023-09-04,1068722.0,oscillate
642,2023-09-05,1063240.0,oscillate
643,2023-09-06,1065344.0,oscillate
644,2023-09-07,1059078.0,oscillate
645,2023-09-08,1053819.0,oscillate
646,2023-09-11,1057521.0,oscillate
647,2023-09-12,1052501.0,oscillate
648,2023-09-13,1053284.0,oscillate
649,2023-09-14,1055555.0,oscillate
650,2023-09-15,1037954.0,oscillate
651,2023-09-18,1045012.0,oscillate
652,2023-09-19,1044856.0,oscillate
653,2023-09-20,1043844.0,oscillate
654,2023-09-21,1033954.0,oscillate
655,2023-09-22,1035261.0,oscillate
656,2023-09-25,1043180.0,oscillate
657,2023-09-26,1042899.0,oscillate
658,2023-09-27,1045052.0,oscillate
659,2023-09-28,1045190.0,oscillate
660,2023-10-09,1048527.0,oscillate
661,2023-10-10,1036426.0,oscillate
662,2023-10-11,1034147.0,oscillate
663,2023-10-12,1034582.0,oscillate
664,2023-10-13,1035850.0,oscillate
665,2023-10-16,1026258.0,oscillate
666,2023-10-17,1026047.0,oscillate
667,2023-10-18,1017250.0,oscillate
668,2023-10-19,1008267.0,oscillate
669,2023-10-20,1002807.0,oscillate
670,2023-10-23,998956.0,oscillate
671,2023-10-24,1003268.0,oscillate
672,2023-10-25,1000353.0,oscillate
673,2023-10-26,1005972.0,oscillate
674,2023-10-27,1012963.0,oscillate
675,2023-10-30,1008373.0,oscillate
676,2023-10-31,1017496.0,oscillate
677,2023-11-01,1014047.0,oscillate
678,2023-11-02,1014202.0,oscillate
679,2023-11-03,1018231.0,oscillate
680,2023-11-06,1006612.0,oscillate
681,2023-11-07,1015856.0,oscillate
682,2023-11-08,1018406.0,oscillate
683,2023-11-09,1012859.0,oscillate
684,2023-11-10,1013471.0,oscillate
685,2023-11-13,1012632.0,oscillate
686,2023-11-14,1010718.0,oscillate
687,2023-11-15,1010623.0,oscillate
688,2023-11-16,1007090.0,oscillate
689,2023-11-17,1021459.0,oscillate
690,2023-11-20,1029345.0,oscillate
691,2023-11-21,1048076.0,oscillate
692,2023-11-22,1041003.0,oscillate
693,2023-11-23,1037609.0,oscillate
694,2023-11-24,1026082.0,oscillate
695,2023-11-27,1016766.0,oscillate
696,2023-11-28,1024278.0,oscillate
697,2023-11-29,1024591.0,oscillate
698,2023-11-30,1019696.0,oscillate
699,2023-12-01,1043387.0,oscillate
700,2023-12-04,1042167.0,oscillate
701,2023-12-05,1020982.0,oscillate
702,2023-12-06,1019604.0,oscillate
703,2023-12-07,1020428.0,oscillate
704,2023-12-08,1024536.0,oscillate
705,2023-12-11,1037090.0,oscillate
706,2023-12-12,1042075.0,oscillate
707,2023-12-13,1034351.0,oscillate
708,2023-12-14,1039940.0,oscillate
709,2023-12-15,1028261.0,oscillate
710,2023-12-18,1000000.0,oscillate
711,2023-12-19,1001041.0,oscillate
712,2023-12-20,994622.0,oscillate
713,2023-12-21,1001120.0,oscillate
714,2023-12-22,982331.0,oscillate
715,2023-12-25,983728.0,oscillate
716,2023-12-26,977113.0,oscillate
717,2023-12-27,975148.0,oscillate
718,2023-12-28,977396.0,oscillate
719,2023-12-29,988601.0,oscillate
720,2024-01-02,982049.0,oscillate
721,2024-01-03,980732.0,oscillate
722,2024-01-04,986124.0,oscillate
723,2024-01-05,979339.0,oscillate
724,2024-01-08,970533.0,oscillate
725,2024-01-09,1021791.0,oscillate
726,2024-01-10,1016169.0,oscillate
727,2024-01-11,1024603.0,oscillate
728,2024-01-12,1026882.0,oscillate
729,2024-01-15,1060158.0,oscillate
730,2024-01-16,1061020.0,oscillate
731,2024-01-17,1087120.0,oscillate
732,2024-01-18,1080926.0,oscillate
733,2024-01-19,1073327.0,oscillate
734,2024-01-22,1033890.0,oscillate
735,2024-01-23,1032157.0,oscillate
736,2024-01-24,1042863.0,oscillate
737,2024-01-25,1049586.0,oscillate
738,2024-01-26,1041321.0,oscillate
739,2024-01-29,1032447.0,oscillate
740,2024-01-30,1054469.0,oscillate
741,2024-01-31,1055612.0,oscillate
742,2024-02-01,1056732.0,oscillate
743,2024-02-02,1058468.0,oscillate
744,2024-02-05,1069097.0,oscillate
745,2024-02-06,1091973.0,oscillate
746,2024-02-07,1097756.0,oscillate
747,2024-02-08,1102366.0,oscillate
748,2024-02-19,1126742.0,oscillate
749,2024-02-20,1126828.0,oscillate
750,2024-02-21,1134079.0,oscillate
751,2024-02-22,1148357.0,oscillate
752,2024-02-23,1140663.0,oscillate
753,2024-02-26,1135054.0,oscillate
754,2024-02-27,1135001.0,oscillate
755,2024-02-28,1023517.0,oscillate
756,2024-02-29,1047542.0,oscillate
757,2024-03-01,1042881.0,oscillate
758,2024-03-04,1045054.0,oscillate
759,2024-03-05,1038616.0,oscillate
760,2024-03-06,1033868.0,oscillate
761,2024-03-07,1023108.0,oscillate
762,2024-03-08,1031407.0,oscillate
763,2024-03-11,1044758.0,oscillate
764,2024-03-12,1052543.0,oscillate
765,2024-03-13,1048528.0,oscillate
766,2024-03-14,1045849.0,oscillate
767,2024-03-15,1047923.0,oscillate
768,2024-03-18,1052341.0,oscillate
769,2024-03-19,1057380.0,oscillate
770,2024-03-20,1000000.0,oscillate
771,2024-03-21,992126.0,oscillate
772,2024-03-22,973310.0,oscillate
773,2024-03-25,960220.0,oscillate
774,2024-03-26,955432.0,oscillate
775,2024-03-27,929031.0,oscillate
776,2024-03-28,945573.0,oscillate
777,2024-03-29,964123.0,oscillate
778,2024-04-01,970963.0,oscillate
779,2024-04-02,962662.0,oscillate
780,2024-04-03,949062.0,oscillate
781,2024-04-08,932795.0,oscillate
782,2024-04-09,936728.0,oscillate
783,2024-04-10,915334.0,oscillate
784,2024-04-11,919422.0,oscillate
785,2024-04-12,1000000.0,oscillate
786,2024-04-15,1014087.0,oscillate
787,2024-04-16,1009334.0,oscillate
788,2024-04-17,1028889.0,oscillate
789,2024-04-18,1017727.0,oscillate
790,2024-04-19,1022858.0,oscillate
791,2024-04-22,1023235.0,oscillate
792,2024-04-23,1029150.0,oscillate
793,2024-04-24,1030035.0,oscillate
794,2024-04-25,1023743.0,oscillate
795,2024-04-26,1024546.0,oscillate
796,2024-04-29,1032804.0,oscillate
797,2024-04-30,1040706.0,oscillate
798,2024-05-06,1058376.0,oscillate
799,2024-05-07,1067255.0,oscillate
800,2024-05-08,1034416.0,oscillate
801,2024-05-09,1036165.0,oscillate
802,2024-05-10,1033467.0,oscillate
803,2024-05-13,1027449.0,oscillate
804,2024-05-14,1038107.0,oscillate
805,2024-05-15,1022001.0,oscillate
806,2024-05-16,1022335.0,oscillate
807,2024-05-17,1018271.0,oscillate
808,2024-05-20,1018465.0,oscillate
809,2024-05-21,1015242.0,oscillate
810,2024-05-22,1013285.0,oscillate
811,2024-05-23,1008124.0,oscillate
812,2024-05-24,1001844.0,oscillate
813,2024-05-27,1015082.0,oscillate
814,2024-05-28,1010802.0,oscillate
815,2024-05-29,1033888.0,oscillate
816,2024-05-30,1024427.0,oscillate
817,2024-05-31,1017696.0,oscillate
818,2024-06-03,1013092.0,oscillate
819,2024-06-04,1007173.0,oscillate
820,2024-06-05,997835.0,oscillate
821,2024-06-06,997311.0,oscillate
822,2024-06-07,997024.0,oscillate
823,2024-06-11,996977.0,oscillate
824,2024-06-12,1011830.0,oscillate
825,2024-06-13,1027962.0,oscillate
826,2024-06-14,1032949.0,oscillate
827,2024-06-17,1029042.0,oscillate
828,2024-06-18,1025525.0,oscillate
829,2024-06-19,1021288.0,oscillate
830,2024-06-20,1053224.0,oscillate
831,2024-06-21,1054025.0,oscillate
832,2024-06-24,1032064.0,oscillate
833,2024-06-25,1026766.0,oscillate
834,2024-06-26,1032320.0,oscillate
835,2024-06-27,1027831.0,oscillate
836,2024-06-28,1037675.0,oscillate
837,2024-07-01,1045720.0,oscillate
838,2024-07-02,1045593.0,oscillate
839,2024-07-03,1033758.0,oscillate
840,2024-07-04,1031280.0,oscillate
841,2024-07-05,1034365.0,oscillate
842,2024-07-08,1036986.0,oscillate
843,2024-07-09,1054192.0,oscillate
844,2024-07-10,1038451.0,oscillate
845,2024-07-11,1008278.0,oscillate
846,2024-07-12,1002254.0,oscillate
847,2024-07-15,1002431.0,oscillate
848,2024-07-16,991450.0,oscillate
849,2024-07-17,978843.0,oscillate
850,2024-07-18,982118.0,oscillate
851,2024-07-19,978250.0,oscillate
852,2024-07-22,972227.0,oscillate
853,2024-07-23,952133.0,oscillate
854,2024-07-24,944592.0,oscillate
855,2024-07-25,949746.0,oscillate
856,2024-07-26,948512.0,oscillate
857,2024-07-29,941533.0,oscillate
858,2024-07-30,935639.0,oscillate
859,2024-07-31,953700.0,oscillate
860,2024-08-01,1000000.0,oscillate
861,2024-08-02,993857.0,oscillate
862,2024-08-05,986977.0,oscillate
863,2024-08-06,1019694.0,oscillate
864,2024-08-07,1022449.0,oscillate
865,2024-08-08,1009857.0,oscillate
866,2024-08-09,997567.0,oscillate
867,2024-08-12,993518.0,oscillate
868,2024-08-13,991239.0,oscillate
869,2024-08-14,984822.0,oscillate
870,2024-08-15,990028.0,oscillate
871,2024-08-16,996793.0,oscillate
872,2024-08-19,996855.0,oscillate
873,2024-08-20,987674.0,oscillate
874,2024-08-21,990208.0,oscillate
875,2024-08-22,993594.0,oscillate
876,2024-08-23,986401.0,oscillate
877,2024-08-26,996991.0,oscillate
878,2024-08-27,1001435.0,oscillate
879,2024-08-28,1009213.0,oscillate
880,2024-08-29,1019835.0,oscillate
881,2024-08-30,1032798.0,oscillate
882,2024-09-02,1022069.0,oscillate
883,2024-09-03,1029073.0,oscillate
884,2024-09-04,1030176.0,oscillate
885,2024-09-05,1040183.0,oscillate
886,2024-09-06,1026003.0,oscillate
887,2024-09-09,1023300.0,oscillate
888,2024-09-10,1024963.0,oscillate
889,2024-09-11,1033340.0,oscillate
890,2024-09-12,1014400.0,oscillate
891,2024-09-13,1006564.0,oscillate
892,2024-09-18,1009490.0,oscillate
893,2024-09-19,1019851.0,oscillate
894,2024-09-20,1021360.0,oscillate
895,2024-09-23,1022508.0,oscillate
896,2024-09-24,1033409.0,oscillate
897,2024-09-25,1050773.0,oscillate
898,2024-09-26,1066989.0,oscillate
899,2024-09-27,1094076.0,oscillate
900,2024-09-30,1187799.0,bull
901,2024-10-08,1270282.0,bull
902,2024-10-09,1182576.0,bull
903,2024-10-10,1167365.0,bull
904,2024-10-11,1143762.0,bull
905,2024-10-14,1155411.0,bull
906,2024-10-15,1156830.0,bull
907,2024-10-16,1173769.0,bull
908,2024-10-17,1182262.0,bull
909,2024-10-18,1203721.0,bull
910,2024-10-21,1236024.0,bull
911,2024-10-22,1201135.0,bull
912,2024-10-23,1175519.0,bull
913,2024-10-24,1154381.0,bull
914,2024-10-25,1187641.0,oscillate
915,2024-10-28,1209027.0,oscillate
916,2024-10-29,1164686.0,oscillate
917,2024-10-30,1141529.0,oscillate
918,2024-10-31,1146923.0,bull
919,2024-11-01,1102145.0,oscillate
920,2024-11-04,1118275.0,bull
921,2024-11-05,1146507.0,bull
922,2024-11-06,1167224.0,bull
923,2024-11-07,1217785.0,bull
924,2024-11-08,1196829.0,bull
925,2024-11-11,1217890.0,bull
926,2024-11-12,1202068.0,bull
927,2024-11-13,1217152.0,bull
928,2024-11-14,1221875.0,bull
929,2024-11-15,1208209.0,bull
930,2024-11-18,1097434.0,bull
931,2024-11-19,1109741.0,bull
932,2024-11-20,1118915.0,bull
933,2024-11-21,1101957.0,bull
934,2024-11-22,1066346.0,oscillate
935,2024-11-25,1084921.0,oscillate
936,2024-11-26,1083575.0,oscillate
937,2024-11-27,1113112.0,oscillate
938,2024-11-28,1107357.0,oscillate
939,2024-11-29,1118409.0,oscillate
940,2024-12-02,1123607.0,oscillate
941,2024-12-03,1117781.0,oscillate
942,2024-12-04,1099866.0,oscillate
943,2024-12-05,1109461.0,oscillate
944,2024-12-06,1118503.0,bull
945,2024-12-09,1119632.0,oscillate
946,2024-12-10,1127165.0,bull
947,2024-12-11,1138705.0,oscillate
948,2024-12-12,1133885.0,bull
949,2024-12-13,1130198.0,bull
950,2024-12-16,1107784.0,bull
951,2024-12-17,1071682.0,bull
952,2024-12-18,1072844.0,bull
953,2024-12-19,1085009.0,bull
954,2024-12-20,1091128.0,oscillate
955,2024-12-23,1047799.0,oscillate
956,2024-12-24,1050688.0,bull
957,2024-12-25,1038602.0,bull
958,2024-12-26,1042668.0,bull
959,2024-12-27,1048320.0,bull
960,2024-12-30,1048445.0,bull
961,2024-12-31,1026464.0,oscillate
962,2025-01-02,1013906.0,oscillate
963,2025-01-03,976308.0,oscillate
964,2025-01-06,967696.0,oscillate
965,2025-01-07,995008.0,oscillate
966,2025-01-08,996293.0,oscillate
967,2025-01-09,990400.0,oscillate
968,2025-01-10,983465.0,oscillate
969,2025-01-13,979454.0,oscillate
970,2025-01-14,993740.0,oscillate
971,2025-01-15,985348.0,oscillate
972,2025-01-16,989044.0,oscillate
973,2025-01-17,999016.0,oscillate
974,2025-01-20,995437.0,oscillate
975,2025-01-21,999428.0,oscillate
976,2025-01-22,995326.0,oscillate
977,2025-01-23,988306.0,bull
978,2025-01-24,989791.0,bull
979,2025-01-27,998306.0,bull
980,2025-02-05,978450.0,bull
981,2025-02-06,975449.0,bull
982,2025-02-07,982470.0,bull
983,2025-02-10,983511.0,bull
984,2025-02-11,990237.0,bull
985,2025-02-12,1002925.0,bull
986,2025-02-13,994634.0,bull
987,2025-02-14,1004558.0,bull
988,2025-02-17,1001512.0,bull
989,2025-02-18,991558.0,bull
990,2025-02-19,1028482.0,bull
991,2025-02-20,1026121.0,bull
992,2025-02-21,1063808.0,bull
993,2025-02-24,1053505.0,bull
994,2025-02-25,1031583.0,bull
995,2025-02-26,1042745.0,bull
996,2025-02-27,1032394.0,bull
997,2025-02-28,984442.0,oscillate
998,2025-03-03,1000982.0,bull
999,2025-03-04,1010682.0,oscillate
1000,2025-03-05,1026636.0,oscillate
1001,2025-03-06,1064483.0,bull
1002,2025-03-07,1056791.0,oscillate
1003,2025-03-10,1047200.0,bull
1004,2025-03-11,1042142.0,bull
1005,2025-03-12,1049512.0,oscillate
1006,2025-03-13,1024861.0,oscillate
1007,2025-03-14,1050743.0,bull
1008,2025-03-17,1053240.0,bull
1009,2025-03-18,1052205.0,bull
1010,2025-03-19,1009768.0,bull
1011,2025-03-20,998642.0,bull
1012,2025-03-21,988056.0,bull
1013,2025-03-24,988380.0,bull
1014,2025-03-25,980164.0,bull
1015,2025-03-26,982240.0,oscillate
1016,2025-03-27,990736.0,oscillate
1017,2025-03-28,986714.0,oscillate
1018,2025-03-31,980167.0,oscillate
1019,2025-04-01,987073.0,oscillate
1020,2025-04-02,988777.0,oscillate
1021,2025-04-03,999307.0,oscillate
1022,2025-04-07,939198.0,oscillate
1023,2025-04-08,968581.0,oscillate
1024,2025-04-09,986959.0,oscillate
1025,2025-04-10,1032192.0,oscillate
1026,2025-04-11,1023051.0,oscillate
1027,2025-04-14,1036825.0,oscillate
1028,2025-04-15,1042320.0,oscillate
1029,2025-04-16,1042929.0,oscillate
1030,2025-04-17,1039081.0,oscillate
1031,2025-04-18,1032771.0,oscillate
1032,2025-04-21,1040034.0,oscillate
1033,2025-04-22,1052668.0,oscillate
1034,2025-04-23,1050388.0,oscillate
1035,2025-04-24,1052055.0,oscillate
1036,2025-04-25,1050766.0,bull
1037,2025-04-28,1039285.0,bull
1038,2025-04-29,1049208.0,bull
1039,2025-04-30,1041404.0,bull
1040,2025-05-06,1037850.0,bull
1041,2025-05-07,1047084.0,bull
1042,2025-05-08,1043854.0,bull
1043,2025-05-09,1051161.0,bull
1044,2025-05-12,1040216.0,bull
1045,2025-05-13,1046043.0,bull
1046,2025-05-14,1045342.0,bull
1047,2025-05-15,1051602.0,bull
1048,2025-05-16,1054560.0,bull
1049,2025-05-19,1065506.0,bull
1050,2025-05-20,1101008.0,bull
1051,2025-05-21,1105582.0,bull
1052,2025-05-22,1096422.0,bull
1053,2025-05-23,1090206.0,bull
1054,2025-05-26,1087015.0,bull
1055,2025-05-27,1079850.0,bull
1056,2025-05-28,1085181.0,oscillate
1057,2025-05-29,1080614.0,bull
1058,2025-05-30,1076152.0,oscillate
1059,2025-06-03,1089802.0,oscillate
1060,2025-06-04,1104597.0,oscillate
1061,2025-06-05,1092582.0,oscillate
1062,2025-06-06,1078668.0,oscillate
1063,2025-06-09,1078654.0,bull
1064,2025-06-10,1078822.0,oscillate
1065,2025-06-11,1086108.0,oscillate
1066,2025-06-12,1093600.0,oscillate
1067,2025-06-13,1066072.0,oscillate
1068,2025-06-16,1063960.0,bull
1069,2025-06-17,1048798.0,bull
1070,2025-06-18,1019736.0,bull
1071,2025-06-19,1019159.0,oscillate
1072,2025-06-20,1019937.0,bull
1073,2025-06-23,1021316.0,bull
1074,2025-06-24,1044614.0,bull
1075,2025-06-25,1067031.0,bull
1076,2025-06-26,1052732.0,bull
1077,2025-06-27,1047947.0,bull
1078,2025-06-30,1083996.0,bull
1079,2025-07-01,1087813.0,bull
1080,2025-07-02,1076029.0,bull
1081,2025-07-03,1082885.0,bull
1082,2025-07-04,1096498.0,bull
1083,2025-07-07,1092008.0,bull
1084,2025-07-08,1109482.0,bull
1085,2025-07-09,1107221.0,bull
1086,2025-07-10,1098613.0,bull
1087,2025-07-11,1094367.0,bull
1088,2025-07-14,1070993.0,bull
1089,2025-07-15,1066334.0,bull
1090,2025-07-16,1055978.0,bull
1091,2025-07-17,1058066.0,bull
1092,2025-07-18,1056392.0,bull
1093,2025-07-21,1063889.0,bull
1094,2025-07-22,1061302.0,bull
1095,2025-07-23,1064393.0,bull
1096,2025-07-24,1067914.0,bull
1097,2025-07-25,1058931.0,bull
1098,2025-07-28,1069331.0,bull
1099,2025-07-29,1073914.0,bull
1100,2025-07-30,1074572.0,bull
1101,2025-07-31,1053969.0,bull
1102,2025-08-01,1052754.0,bull
1103,2025-08-04,1071017.0,bull
1104,2025-08-05,1087496.0,bull
1105,2025-08-06,1101712.0,bull
1106,2025-08-07,1106207.0,bull
1107,2025-08-08,1096446.0,bull
1108,2025-08-11,1099674.0,bull
1109,2025-08-12,1100494.0,bull
1110,2025-08-13,1096080.0,bull
1111,2025-08-14,1084967.0,bull
1112,2025-08-15,1090267.0,bull
1113,2025-08-18,1081054.0,bull
1114,2025-08-19,1084170.0,bull
1115,2025-08-20,1109441.0,bull
1116,2025-08-21,1122673.0,bull
1117,2025-08-22,1142420.0,bull
1118,2025-08-25,1185664.0,bull
1119,2025-08-26,1187088.0,bull
1120,2025-08-27,1149633.0,bull
1121,2025-08-28,1161073.0,bull
1122,2025-08-29,1152917.0,bull
1123,2025-09-01,1164647.0,bull
1124,2025-09-02,1150827.0,bull
1125,2025-09-03,1152993.0,bull
1126,2025-09-04,1127483.0,bull
1127,2025-09-05,1156136.0,bull
1128,2025-09-08,1186157.0,bull
1129,2025-09-09,1176774.0,bull
1130,2025-09-10,1125536.0,bull
1131,2025-09-11,1154663.0,bull
1132,2025-09-12,1145996.0,bull
1133,2025-09-15,1153881.0,bull
1134,2025-09-16,1163151.0,bull
1135,2025-09-17,1193686.0,bull
1136,2025-09-18,1187948.0,bull
1137,2025-09-19,1183432.0,oscillate
1138,2025-09-22,1184774.0,bull
1139,2025-09-23,1176622.0,bull
1140,2025-09-24,1209806.0,bull
1141,2025-09-25,1227651.0,bull
1142,2025-09-26,1171831.0,bull
1143,2025-09-29,1172334.0,bull
1144,2025-09-30,1163751.0,bull
1145,2025-10-09,1159945.0,bull
1146,2025-10-10,1128822.0,bull
1147,2025-10-13,1107605.0,bull
1148,2025-10-14,1088205.0,bull
1149,2025-10-15,1088558.0,bull
1150,2025-10-16,1006300.0,bull
1151,2025-10-17,990018.0,bull
1152,2025-10-20,994265.0,bull
1153,2025-10-21,996008.0,bull
1154,2025-10-22,990805.0,bull
1155,2025-10-23,989028.0,bull
1156,2025-10-24,984923.0,bull
1157,2025-10-27,995583.0,bull
1158,2025-10-28,989643.0,bull
1159,2025-10-29,997977.0,bull
1160,2025-10-30,996665.0,bull
1161,2025-10-31,1002108.0,bull
1162,2025-11-03,1008732.0,bull
1163,2025-11-04,996624.0,bull
1164,2025-11-05,1000996.0,bull
1165,2025-11-06,1006358.0,bull
1166,2025-11-07,1008205.0,bull
1167,2025-11-10,1018600.0,bull
1168,2025-11-11,1016478.0,bull
1169,2025-11-12,1011105.0,bull
1170,2025-11-13,1007332.0,bull
1171,2025-11-14,988615.0,oscillate
1172,2025-11-17,988650.0,oscillate
1173,2025-11-18,984204.0,oscillate
1174,2025-11-19,973275.0,oscillate
1175,2025-11-20,998842.0,oscillate
1176,2025-11-21,992840.0,oscillate
1177,2025-11-24,997636.0,oscillate
1178,2025-11-25,1018124.0,oscillate
1179,2025-11-26,1008510.0,oscillate
1180,2025-11-27,1012780.0,oscillate
1181,2025-11-28,1006034.0,oscillate
1182,2025-12-01,1011410.0,oscillate
1183,2025-12-02,1003199.0,oscillate
1184,2025-12-03,987566.0,oscillate
1185,2025-12-04,978476.0,oscillate
1186,2025-12-05,975156.0,oscillate
1187,2025-12-08,976738.0,bull
1188,2025-12-09,970935.0,bull
1189,2025-12-10,975266.0,bull
1190,2025-12-11,1003350.0,bull
1191,2025-12-12,1013295.0,bull
1192,2025-12-15,998185.0,bull
1193,2025-12-16,988385.0,oscillate
1194,2025-12-17,1003156.0,bull
1195,2025-12-18,1002434.0,bull
1196,2025-12-19,1008365.0,oscillate
1197,2025-12-22,1005767.0,bull
1198,2025-12-23,1007657.0,bull
1199,2025-12-24,1005413.0,bull
1200,2025-12-25,1008160.0,bull
1201,2025-12-26,1010873.0,bull
1202,2025-12-29,1004349.0,bull
1203,2025-12-30,1009145.0,bull
1204,2025-12-31,998871.0,bull
1205,2026-01-05,1027478.0,bull
1206,2026-01-06,1033864.0,bull
1207,2026-01-07,1046209.0,bull
1208,2026-01-08,1041313.0,bull
1209,2026-01-09,1055844.0,bull
1210,2026-01-12,1043149.0,bull
1211,2026-01-13,1039651.0,bull
1212,2026-01-14,1045839.0,bull
1213,2026-01-15,1036194.0,bull
1214,2026-01-16,1022787.0,bull
1215,2026-01-19,1028232.0,bull
1216,2026-01-20,1004512.0,bull
1217,2026-01-21,1020585.0,bull
1218,2026-01-22,1012609.0,bull
1219,2026-01-23,1026377.0,oscillate
1220,2026-01-26,991769.0,oscillate
1221,2026-01-27,986627.0,oscillate
1222,2026-01-28,989942.0,oscillate
1223,2026-01-29,991300.0,oscillate
1224,2026-01-30,987641.0,oscillate
1225,2026-02-02,981291.0,oscillate
1226,2026-02-03,994572.0,oscillate
1227,2026-02-04,986220.0,oscillate
1228,2026-02-05,975147.0,oscillate
1229,2026-02-06,970287.0,oscillate
1230,2026-02-09,1001207.0,bull
1231,2026-02-10,999878.0,bull
1232,2026-02-11,1005997.0,oscillate
1233,2026-02-12,995521.0,bull
1234,2026-02-13,984712.0,oscillate
1235,2026-02-24,987717.0,bull
1236,2026-02-25,991583.0,bull
1237,2026-02-26,985424.0,oscillate
1238,2026-02-27,990926.0,bull
1239,2026-03-02,974684.0,bull
1240,2026-03-03,959965.0,oscillate
1241,2026-03-04,948714.0,oscillate
1242,2026-03-05,943734.0,oscillate
1243,2026-03-06,955609.0,bull
