date,value,state
2021-01-13,1000000.0,oscillate
2021-01-14,1000000.0,oscillate
2021-01-15,1000000.0,oscillate
2021-01-18,1000000.0,oscillate
2021-01-19,1000000.0,oscillate
2021-01-20,1000000.0,oscillate
2021-01-21,1005442.0,oscillate
2021-01-22,1015401.0,oscillate
2021-01-25,1007997.0,oscillate
2021-01-26,985033.0,oscillate
2021-01-27,991705.0,oscillate
2021-01-28,956992.0,oscillate
2021-01-29,944628.0,oscillate
2021-02-01,957525.0,oscillate
2021-02-02,971726.0,oscillate
2021-02-03,967519.0,oscillate
2021-02-04,979930.0,oscillate
2021-02-05,972070.0,oscillate
2021-02-08,990305.0,oscillate
2021-02-09,1031878.0,oscillate
2021-02-10,1074444.0,oscillate
2021-02-18,1063111.0,oscillate
2021-02-19,1050692.0,oscillate
2021-02-22,1028892.0,oscillate
2021-02-23,1026672.0,oscillate
2021-02-24,995140.0,oscillate
2021-02-25,1003540.0,oscillate
2021-02-26,981693.0,oscillate
2021-03-01,1004222.0,oscillate
2021-03-02,983355.0,oscillate
2021-03-03,996022.0,oscillate
2021-03-04,962462.0,oscillate
2021-03-05,960225.0,oscillate
2021-03-08,912582.0,oscillate
2021-03-09,893470.0,oscillate
2021-03-10,1000000.0,oscillate
2021-03-11,1029835.0,oscillate
2021-03-12,1064095.0,oscillate
2021-03-15,1113453.0,oscillate
2021-03-16,1089445.0,oscillate
2021-03-17,1111153.0,oscillate
2021-03-18,1110312.0,oscillate
2021-03-19,1094133.0,oscillate
2021-03-22,1102328.0,oscillate
2021-03-23,1057972.0,oscillate
2021-03-24,1033428.0,oscillate
2021-03-25,1018093.0,oscillate
2021-03-26,1030030.0,oscillate
2021-03-29,1091091.0,oscillate
2021-03-30,1093675.0,oscillate
2021-03-31,1049629.0,oscillate
2021-04-01,1048517.0,oscillate
2021-04-02,1042734.0,oscillate
2021-04-06,1032972.0,oscillate
2021-04-07,1028098.0,oscillate
2021-04-08,1031822.0,oscillate
2021-04-09,1028201.0,oscillate
2021-04-12,1027874.0,oscillate
2021-04-13,1014587.0,oscillate
2021-04-14,1022887.0,oscillate
2021-04-15,1028479.0,oscillate
2021-04-16,1039773.0,oscillate
2021-04-19,1035308.0,oscillate
2021-04-20,1049852.0,oscillate
2021-04-21,1063824.0,oscillate
2021-04-22,1099160.0,oscillate
2021-04-23,1062697.0,oscillate
2021-04-26,1036785.0,oscillate
2021-04-27,1031861.0,oscillate
2021-04-28,1061051.0,oscillate
2021-04-29,1068143.0,oscillate
2021-04-30,1077966.0,oscillate
2021-05-06,1065491.0,oscillate
2021-05-07,1049921.0,oscillate
2021-05-10,1088783.0,oscillate
2021-05-11,1096920.0,oscillate
2021-05-12,1113209.0,oscillate
2021-05-13,1092588.0,oscillate
2021-05-14,1091767.0,oscillate
2021-05-17,1116512.0,oscillate
2021-05-18,1037609.0,oscillate
2021-05-19,1062762.0,oscillate
2021-05-20,1050904.0,oscillate
2021-05-21,1053584.0,oscillate
2021-05-24,1054959.0,oscillate
2021-05-25,1041727.0,oscillate
2021-05-26,1035811.0,oscillate
2021-05-27,1029448.0,oscillate
2021-05-28,1040659.0,oscillate
2021-05-31,1061723.0,oscillate
2021-06-01,1044374.0,oscillate
2021-06-02,1030660.0,oscillate
2021-06-03,1026523.0,oscillate
2021-06-04,1029203.0,oscillate
2021-06-07,1051910.0,oscillate
2021-06-08,1007256.0,oscillate
2021-06-09,991348.0,oscillate
2021-06-10,997868.0,oscillate
2021-06-11,975751.0,oscillate
2021-06-15,958574.0,oscillate
2021-06-16,940134.0,oscillate
2021-06-17,950845.0,oscillate
2021-06-18,955594.0,oscillate
2021-06-21,984192.0,oscillate
2021-06-22,978122.0,oscillate
2021-06-23,1007270.0,oscillate
2021-06-24,1001275.0,oscillate
2021-06-25,987575.0,oscillate
2021-06-28,1011634.0,oscillate
2021-06-29,1022667.0,oscillate
2021-06-30,1044394.0,oscillate
2021-07-01,1050266.0,oscillate
2021-07-02,1038879.0,oscillate
2021-07-05,1048334.0,oscillate
2021-07-06,1020535.0,oscillate
2021-07-07,1039032.0,oscillate
2021-07-08,1028032.0,oscillate
2021-07-09,1027533.0,oscillate
2021-07-12,1039634.0,oscillate
2021-07-13,1030727.0,oscillate
2021-07-14,1040044.0,oscillate
2021-07-15,1053686.0,oscillate
2021-07-16,1048686.0,oscillate
2021-07-19,1033847.0,oscillate
2021-07-20,1038036.0,oscillate
2021-07-21,1061495.0,oscillate
2021-07-22,1076945.0,oscillate
2021-07-23,1060756.0,oscillate
2021-07-26,1039553.0,bear
2021-07-27,1011160.0,bear
2021-07-28,1008701.0,bear
2021-07-29,1055088.0,bear
2021-07-30,1062877.0,bear
2021-08-02,1094910.0,bear
2021-08-03,1078268.0,oscillate
2021-08-04,1093958.0,bear
2021-08-05,1067302.0,oscillate
2021-08-06,1061685.0,bear
2021-08-09,1077262.0,oscillate
2021-08-10,1060731.0,oscillate
2021-08-11,1046447.0,oscillate
2021-08-12,1055700.0,oscillate
2021-08-13,1067204.0,oscillate
2021-08-16,1040882.0,oscillate
2021-08-17,1012998.0,oscillate
2021-08-18,1025228.0,oscillate
2021-08-19,1027654.0,oscillate
2021-08-20,1026269.0,bear
2021-08-23,1058127.0,oscillate
2021-08-24,1042211.0,oscillate
2021-08-25,1039261.0,oscillate
2021-08-26,1032995.0,bear
2021-08-27,1030793.0,bear
2021-08-30,1022203.0,bear
2021-08-31,1012948.0,bear
2021-09-01,1005040.0,oscillate
2021-09-02,1026320.0,oscillate
2021-09-03,1005798.0,oscillate
2021-09-06,1037722.0,oscillate
2021-09-07,1044763.0,oscillate
2021-09-08,1038399.0,oscillate
2021-09-09,1039023.0,oscillate
2021-09-10,1019545.0,oscillate
2021-09-13,1031688.0,oscillate
2021-09-14,1013424.0,oscillate
2021-09-15,1010554.0,oscillate
2021-09-16,1004935.0,oscillate
2021-09-17,989160.0,oscillate
2021-09-22,1007243.0,oscillate
2021-09-23,1010115.0,oscillate
2021-09-24,1031523.0,oscillate
2021-09-27,1022701.0,oscillate
2021-09-28,1025021.0,oscillate
2021-09-29,980739.0,bear
2021-09-30,1010403.0,bear
2021-10-08,994927.0,oscillate
2021-10-11,1032647.0,oscillate
2021-10-12,1009263.0,oscillate
2021-10-13,993706.0,oscillate
2021-10-14,989219.0,oscillate
2021-10-15,1005559.0,oscillate
2021-10-18,1017081.0,oscillate
2021-10-19,1026058.0,oscillate
2021-10-20,997650.0,oscillate
2021-10-21,1044577.0,oscillate
2021-10-22,1000000.0,oscillate
2021-10-25,1017309.0,oscillate
2021-10-26,1008670.0,oscillate
2021-10-27,1002389.0,oscillate
2021-10-28,1014259.0,oscillate
2021-10-29,1025127.0,oscillate
2021-11-01,1034327.0,oscillate
2021-11-02,1027379.0,bear
2021-11-03,1028136.0,bear
2021-11-04,1049769.0,oscillate
2021-11-05,1047141.0,oscillate
2021-11-08,1050284.0,oscillate
2021-11-09,1049309.0,oscillate
2021-11-10,1042080.0,bear
2021-11-11,1038829.0,oscillate
2021-11-12,1015400.0,bear
2021-11-15,1025508.0,oscillate
2021-11-16,1028774.0,bear
2021-11-17,1030334.0,oscillate
2021-11-18,1025984.0,bear
2021-11-19,1031914.0,bear
2021-11-22,1033118.0,oscillate
2021-11-23,1031494.0,oscillate
2021-11-24,1030810.0,oscillate
2021-11-25,1025998.0,bear
2021-11-26,1019724.0,bear
2021-11-29,1020114.0,bear
2021-11-30,1022234.0,bear
2021-12-01,1017604.0,bear
2021-12-02,1015808.0,bear
2021-12-03,1025338.0,bear
2021-12-06,1021234.0,bear
2021-12-07,1032018.0,oscillate
2021-12-08,1054430.0,oscillate
2021-12-09,1048998.0,oscillate
2021-12-10,1050642.0,bear
2021-12-13,1055918.0,oscillate
2021-12-14,1053802.0,bear
2021-12-15,1044366.0,bear
2021-12-16,1054126.0,oscillate
2021-12-17,1048930.0,bear
2021-12-20,1047550.0,bear
2021-12-21,1057130.0,bear
2021-12-22,1063826.0,oscillate
2021-12-23,1063736.0,oscillate
2021-12-24,1000000.0,bear
2021-12-27,1013776.0,bear
2021-12-28,1019357.0,bear
2021-12-29,1012913.0,bear
2021-12-30,1010886.0,bear
2021-12-31,1017651.0,bear
2022-01-04,1020907.0,bear
2022-01-05,1015230.0,bear
2022-01-06,1021505.0,bear
2022-01-07,1022571.0,bear
2022-01-10,1025222.0,bear
2022-01-11,1014151.0,bear
2022-01-12,1016121.0,bear
2022-01-13,1019928.0,bear
2022-01-14,1011440.0,bear
2022-01-17,1028265.0,bear
2022-01-18,1034033.0,bear
2022-01-19,1038775.0,bear
2022-01-20,1051478.0,bear
2022-01-21,1041967.0,bear
2022-01-24,1044497.0,bear
2022-01-25,1024675.0,bear
2022-01-26,1022200.0,bear
2022-01-27,1013429.0,bear
2022-01-28,1004764.0,bear
2022-02-07,1014661.0,bear
2022-02-08,1029990.0,bear
2022-02-09,1047222.0,bear
2022-02-10,1053387.0,bear
2022-02-11,1060646.0,bear
2022-02-14,1049674.0,bear
2022-02-15,1044238.0,bear
2022-02-16,1040773.0,bear
2022-02-17,1040098.0,bear
2022-02-18,1054864.0,bear
2022-02-21,1064788.0,bear
2022-02-22,1059055.0,bear
2022-02-23,1046827.0,bear
2022-02-24,1037479.0,bear
2022-02-25,1022593.0,bear
2022-02-28,1033267.0,bear
2022-03-01,1047688.0,bear
2022-03-02,1051789.0,bear
2022-03-03,1055320.0,bear
2022-03-04,1056823.0,bear
2022-03-07,1053274.0,bear
2022-03-08,1033726.0,bear
2022-03-09,1043665.0,bear
2022-03-10,1038475.0,bear
2022-03-11,1046455.0,bear
2022-03-14,1031608.0,bear
2022-03-15,1000123.0,bear
2022-03-16,1018483.0,bear
2022-03-17,1020472.0,bear
2022-03-18,1030228.0,bear
2022-03-21,1044877.0,bear
2022-03-22,1057267.0,bear
2022-03-23,1051867.0,bear
2022-03-24,1056310.0,bear
2022-03-25,1056886.0,bear
2022-03-28,1080391.0,bear
2022-03-29,1094834.0,bear
2022-03-30,1079292.0,bear
2022-03-31,1090008.0,bear
2022-04-01,1095821.0,bear
2022-04-06,1097916.0,bear
2022-04-07,1094342.0,bear
2022-04-08,1118630.0,bear
2022-04-11,1112554.0,bear
2022-04-12,1103564.0,bear
2022-04-13,1113127.0,bear
2022-04-14,1127363.0,bear
2022-04-15,1107698.0,bear
2022-04-18,1089087.0,bear
2022-04-19,1100601.0,bear
2022-04-20,1074910.0,bear
2022-04-21,1066196.0,bear
2022-04-22,1070941.0,bear
2022-04-25,1051595.0,bear
2022-04-26,1042102.0,bear
2022-04-27,1055838.0,bear
2022-04-28,1097904.0,bear
2022-04-29,1093358.0,bear
2022-05-05,1085808.0,bear
2022-05-06,1079606.0,bear
2022-05-09,1081844.0,bear
2022-05-10,1070569.0,bear
2022-05-11,1078339.0,bear
2022-05-12,1068101.0,bear
2022-05-13,1099150.0,bear
2022-05-16,1000000.0,bear
2022-05-17,985627.0,bear
2022-05-18,994274.0,bear
2022-05-19,993701.0,bear
2022-05-20,995617.0,bear
2022-05-23,992971.0,bear
2022-05-24,980075.0,bear
2022-05-25,979855.0,bear
2022-05-26,976224.0,bear
2022-05-27,979476.0,bear
2022-05-30,977863.0,bear
2022-05-31,980901.0,bear
2022-06-01,985061.0,bear
2022-06-02,989186.0,bear
2022-06-06,1005442.0,bear
2022-06-07,1001230.0,bear
2022-06-08,998763.0,bear
2022-06-09,997443.0,bear
2022-06-10,1006256.0,bear
2022-06-13,1011007.0,bear
2022-06-14,1012019.0,bear
2022-06-15,1007630.0,bear
2022-06-16,1010756.0,bear
2022-06-17,1014308.0,bear
2022-06-20,1025076.0,bear
2022-06-21,1027843.0,bear
2022-06-22,1015196.0,bear
2022-06-23,1019389.0,bear
2022-06-24,1035466.0,bear
2022-06-27,1036531.0,bear
2022-06-28,1018624.0,bear
2022-06-29,1011988.0,bear
2022-06-30,1019638.0,bear
2022-07-01,1019032.0,bear
2022-07-04,1017562.0,bear
2022-07-05,1008778.0,bear
2022-07-06,1007458.0,bear
2022-07-07,1006840.0,bear
2022-07-08,1005424.0,bear
2022-07-11,996358.0,bear
2022-07-12,985204.0,bear
2022-07-13,993454.0,bear
2022-07-14,994984.0,bear
2022-07-15,998236.0,bear
2022-07-18,1017436.0,bear
2022-07-19,1014442.0,bear
2022-07-20,1016806.0,bear
2022-07-21,1018522.0,bear
2022-07-22,1033828.0,bear
2022-07-25,1028158.0,bear
2022-07-26,1041046.0,bear
2022-07-27,1046620.0,bear
2022-07-28,1058104.0,bear
2022-07-29,1053274.0,bear
2022-08-01,1051762.0,bear
2022-08-02,1039450.0,bear
2022-08-03,1022956.0,bear
2022-08-04,1032478.0,bear
2022-08-05,1031440.0,bear
2022-08-08,1039204.0,bear
2022-08-09,1054528.0,bear
2022-08-10,1052452.0,bear
2022-08-11,1067188.0,bear
2022-08-12,1065334.0,bear
2022-08-15,1059556.0,bear
2022-08-16,1060960.0,bear
2022-08-17,1057426.0,bear
2022-08-18,1056286.0,bear
2022-08-19,1050232.0,bear
2022-08-22,1052860.0,bear
2022-08-23,1067782.0,bear
2022-08-24,1065250.0,bear
2022-08-25,1052458.0,bear
2022-08-26,1050460.0,bear
2022-08-29,1073218.0,bear
2022-08-30,1058032.0,bear
2022-08-31,1046392.0,bear
2022-09-01,1058656.0,bear
2022-09-02,1058302.0,bear
2022-09-05,1047982.0,bear
2022-09-06,1048222.0,bear
2022-09-07,1063438.0,bear
2022-09-08,1050388.0,bear
2022-09-09,1046194.0,bear
2022-09-13,1059430.0,bear
2022-09-14,1050154.0,bear
2022-09-15,1033768.0,bear
2022-09-16,1027156.0,bear
2022-09-19,1025884.0,bear
2022-09-20,1028260.0,bear
2022-09-21,1000000.0,bear
2022-09-22,995143.0,bear
2022-09-23,1004615.0,bear
2022-09-26,1016177.0,bear
2022-09-27,1036258.0,bear
2022-09-28,1041579.0,bear
2022-09-29,1023239.0,bear
2022-09-30,1016531.0,bear
2022-10-10,1003486.0,bear
2022-10-11,1007046.0,bear
2022-10-12,1009916.0,bear
2022-10-13,1007604.0,bear
2022-10-14,1005762.0,bear
2022-10-17,1010074.0,bear
2022-10-18,1014682.0,bear
2022-10-19,1002961.0,bear
2022-10-20,998441.0,bear
2022-10-21,988256.0,bear
2022-10-24,976433.0,bear
2022-10-25,976962.0,bear
2022-10-26,982227.0,bear
2022-10-27,971808.0,bear
2022-10-28,960307.0,bear
2022-10-31,956451.0,bear
2022-11-01,966298.0,bear
2022-11-02,970609.0,bear
2022-11-03,967681.0,bear
2022-11-04,975244.0,bear
2022-11-07,982477.0,bear
2022-11-08,985675.0,bear
2022-11-09,1000000.0,bear
2022-11-10,993870.0,bear
2022-11-11,1000827.0,bear
2022-11-14,999618.0,bear
2022-11-15,1001732.0,bear
2022-11-16,1001954.0,bear
2022-11-17,1008542.0,bear
2022-11-18,1007914.0,bear
2022-11-21,1010551.0,bear
2022-11-22,1000790.0,bear
2022-11-23,997535.0,bear
2022-11-24,1001021.0,bear
2022-11-25,997622.0,bear
2022-11-28,994972.0,bear
2022-11-29,998100.0,bear
2022-11-30,999340.0,bear
2022-12-01,995803.0,bear
2022-12-02,997824.0,bear
2022-12-05,1001294.0,bear
2022-12-06,999536.0,bear
2022-12-07,996193.0,bear
2022-12-08,996652.0,bear
2022-12-09,1001002.0,bear
2022-12-12,998267.0,bear
2022-12-13,994990.0,bear
2022-12-14,993419.0,bear
2022-12-15,990680.0,bear
2022-12-16,993765.0,bear
2022-12-19,993533.0,bear
2022-12-20,990781.0,bear
2022-12-21,1000000.0,bear
2022-12-22,1003958.0,bear
2022-12-23,1002822.0,bear
2022-12-26,1004542.0,bear
2022-12-27,1010546.0,bear
2022-12-28,1006018.0,bear
2022-12-29,1005948.0,bear
2022-12-30,1008350.0,bear
2023-01-03,999684.0,bear
2023-01-04,1003080.0,bear
2023-01-05,1020632.0,bear
2023-01-06,1020984.0,bear
2023-01-09,1035148.0,bear
2023-01-10,1034682.0,bear
2023-01-11,1027402.0,bear
2023-01-12,1024738.0,bear
2023-01-13,1037600.0,bear
2023-01-16,1039838.0,oscillate
2023-01-17,1035318.0,oscillate
2023-01-18,1034952.0,oscillate
2023-01-19,1035842.0,oscillate
2023-01-20,1035978.0,oscillate
2023-01-30,1036480.0,oscillate
2023-01-31,1027312.0,oscillate
2023-02-01,1028782.0,oscillate
2023-02-02,1033766.0,oscillate
2023-02-03,1032212.0,oscillate
2023-02-06,1030944.0,bear
2023-02-07,1028158.0,bear
2023-02-08,1027182.0,bear
2023-02-09,1000000.0,oscillate
2023-02-10,1010958.0,oscillate
2023-02-13,1029970.0,oscillate
2023-02-14,1040053.0,oscillate
2023-02-15,1040183.0,oscillate
2023-02-16,1025360.0,bear
2023-02-17,1011388.0,bear
2023-02-20,1019938.0,oscillate
2023-02-21,1016084.0,oscillate
2023-02-22,1029477.0,oscillate
2023-02-23,1025338.0,oscillate
2023-02-24,1027707.0,bear
2023-02-27,1018535.0,bear
2023-02-28,1027990.0,bear
2023-03-01,1046475.0,oscillate
2023-03-02,1026602.0,oscillate
2023-03-03,1021776.0,oscillate
2023-03-06,1016532.0,oscillate
2023-03-07,993263.0,bear
2023-03-08,1000472.0,bear
2023-03-09,997897.0,bear
2023-03-10,992214.0,bear
2023-03-13,1024182.0,bear
2023-03-14,1014131.0,bear
2023-03-15,1009864.0,bear
2023-03-16,1005321.0,bear
2023-03-17,1009189.0,bear
2023-03-20,989865.0,bear
2023-03-21,1010165.0,bear
2023-03-22,1004686.0,bear
2023-03-23,1033088.0,bear
2023-03-24,1032468.0,bear
2023-03-27,1028146.0,bear
2023-03-28,1021245.0,bear
2023-03-29,1016234.0,bear
2023-03-30,1013029.0,bear
2023-03-31,1026376.0,oscillate
2023-04-03,1033789.0,oscillate
2023-04-04,1036966.0,oscillate
2023-04-06,1028287.0,oscillate
2023-04-07,1047603.0,oscillate
2023-04-10,1035036.0,oscillate
2023-04-11,1054792.0,oscillate
2023-04-12,1063880.0,oscillate
2023-04-13,1058723.0,oscillate
2023-04-14,1054585.0,oscillate
2023-04-17,1036793.0,oscillate
2023-04-18,1056234.0,oscillate
2023-04-19,1057210.0,oscillate
2023-04-20,1084444.0,oscillate
2023-04-21,1063983.0,bear
2023-04-24,1092859.0,bear
2023-04-25,1100607.0,bear
2023-04-26,1096550.0,bear
2023-04-27,1091163.0,bear
2023-04-28,1113719.0,bear
2023-05-04,1146630.0,oscillate
2023-05-05,1147705.0,oscillate
2023-05-08,1134057.0,oscillate
2023-05-09,1094551.0,oscillate
2023-05-10,1078671.0,bear
2023-05-11,1078852.0,bear
2023-05-12,1063183.0,bear
2023-05-15,1052569.0,bear
2023-05-16,1025307.0,oscillate
2023-05-17,1029484.0,oscillate
2023-05-18,1042425.0,oscillate
2023-05-19,1029833.0,bear
2023-05-22,1021204.0,oscillate
2023-05-23,1005639.0,bear
2023-05-24,1007341.0,bear
2023-05-25,1010390.0,bear
2023-05-26,1032641.0,bear
2023-05-29,1038982.0,bear
2023-05-30,1045034.0,bear
2023-05-31,1044956.0,bear
2023-06-01,1067404.0,bear
2023-06-02,1066075.0,bear
2023-06-05,1084828.0,bear
2023-06-06,1079661.0,bear
2023-06-07,1111207.0,bear
2023-06-08,1089195.0,bear
2023-06-09,1088896.0,bear
2023-06-12,1090274.0,bear
2023-06-13,1096116.0,bear
2023-06-14,1094540.0,bear
2023-06-15,1085575.0,bear
2023-06-16,1082688.0,bear
2023-06-19,1077555.0,bear
2023-06-20,1076590.0,bear
2023-06-21,1021758.0,bear
2023-06-26,1013997.0,bear
2023-06-27,1012308.0,bear
2023-06-28,1005845.0,bear
2023-06-29,1020208.0,bear
2023-06-30,1028683.0,bear
2023-07-03,1017685.0,bear
2023-07-04,1012304.0,bear
2023-07-05,1011409.0,bear
2023-07-06,1007462.0,bear
2023-07-07,1001144.0,bear
2023-07-10,1005727.0,bear
2023-07-11,1005205.0,bear
2023-07-12,991887.0,bear
2023-07-13,995517.0,bear
2023-07-14,997052.0,bear
2023-07-17,988385.0,bear
2023-07-18,983762.0,bear
2023-07-19,984423.0,bear
2023-07-20,976982.0,bear
2023-07-21,976542.0,bear
2023-07-24,984421.0,bear
2023-07-25,982731.0,bear
2023-07-26,973704.0,bear
2023-07-27,968637.0,bear
2023-07-28,967189.0,oscillate
2023-07-31,973622.0,oscillate
2023-08-01,973344.0,oscillate
2023-08-02,974706.0,oscillate
2023-08-03,973435.0,oscillate
2023-08-04,1000000.0,oscillate
2023-08-07,990876.0,oscillate
2023-08-08,990053.0,oscillate
2023-08-09,990399.0,oscillate
2023-08-10,998851.0,oscillate
2023-08-11,986035.0,bear
2023-08-14,979396.0,bear
2023-08-15,976631.0,bear
2023-08-16,973238.0,bear
2023-08-17,991977.0,bear
2023-08-18,973317.0,bear
2023-08-21,983393.0,bear
2023-08-22,982381.0,bear
2023-08-23,973929.0,bear
2023-08-24,988754.0,bear
2023-08-25,986902.0,bear
2023-08-28,987388.0,bear
2023-08-29,1000546.0,bear
2023-08-30,1003110.0,bear
2023-08-31,998682.0,bear
2023-09-01,1017712.0,bear
2023-09-04,1043779.0,bear
2023-09-05,1036424.0,bear
2023-09-06,1030078.0,bear
2023-09-07,1024001.0,bear
2023-09-08,1019667.0,bear
2023-09-11,1024902.0,bear
2023-09-12,1017662.0,bear
2023-09-13,1016708.0,bear
2023-09-14,1011441.0,bear
2023-09-15,1000000.0,bear
2023-09-18,1002825.0,bear
2023-09-19,1003338.0,bear
2023-09-20,1003841.0,bear
2023-09-21,998634.0,bear
2023-09-22,999707.0,bear
2023-09-25,1000378.0,bear
2023-09-26,999122.0,bear
2023-09-27,998143.0,bear
2023-09-28,999673.0,bear
2023-10-09,1001768.0,bear
2023-10-10,996573.0,bear
2023-10-11,992545.0,bear
2023-10-12,992893.0,bear
2023-10-13,993261.0,bear
2023-10-16,999849.0,bear
2023-10-17,1005071.0,bear
2023-10-18,999923.0,bear
2023-10-19,995136.0,bear
2023-10-20,991233.0,bear
2023-10-23,990300.0,bear
2023-10-24,996392.0,bear
2023-10-25,993179.0,bear
2023-10-26,995096.0,bear
2023-10-27,983549.0,bear
2023-10-30,984406.0,bear
2023-10-31,987808.0,bear
2023-11-01,994771.0,bear
2023-11-02,993821.0,bear
2023-11-03,994007.0,bear
2023-11-06,1000000.0,bear
2023-11-07,1004215.0,bear
2023-11-08,1005613.0,oscillate
2023-11-09,1004993.0,oscillate
2023-11-10,1005067.0,bear
2023-11-13,1004736.0,bear
2023-11-14,1004588.0,bear
2023-11-15,1003533.0,bear
2023-11-16,1001431.0,bear
2023-11-17,1001045.0,bear
2023-11-20,1004240.0,bear
2023-11-21,1006434.0,bear
2023-11-22,1006354.0,bear
2023-11-23,1004710.0,bear
2023-11-24,1002437.0,bear
2023-11-27,1001325.0,bear
2023-11-28,1004226.0,bear
2023-11-29,1003766.0,bear
2023-11-30,1007371.0,bear
2023-12-01,1010247.0,bear
2023-12-04,1011517.0,bear
2023-12-05,1004957.0,bear
2023-12-06,1005725.0,bear
2023-12-07,1003675.0,bear
2023-12-08,1005066.0,bear
2023-12-11,1008588.0,bear
2023-12-12,1011213.0,bear
2023-12-13,1007466.0,bear
2023-12-14,1006994.0,bear
2023-12-15,999670.0,bear
2023-12-18,1000000.0,bear
2023-12-19,1001082.0,bear
2023-12-20,999718.0,bear
2023-12-21,1002258.0,bear
2023-12-22,997334.0,bear
2023-12-25,998374.0,bear
2023-12-26,996755.0,bear
2023-12-27,997935.0,bear
2023-12-28,996133.0,bear
2023-12-29,1002915.0,bear
2024-01-02,1002603.0,bear
2024-01-03,1003382.0,bear
2024-01-04,1007175.0,bear
2024-01-05,1006010.0,bear
2024-01-08,1004569.0,bear
2024-01-09,1002919.0,bear
2024-01-10,1001578.0,bear
2024-01-11,1001083.0,bear
2024-01-12,1000242.0,bear
2024-01-15,1003276.0,bear
2024-01-16,1000920.0,bear
2024-01-17,997226.0,bear
2024-01-18,1000650.0,bear
2024-01-19,997400.0,bear
2024-01-22,988682.0,bear
2024-01-23,992079.0,bear
2024-01-24,998055.0,bear
2024-01-25,1009802.0,bear
2024-01-26,1012002.0,bear
2024-01-29,1006740.0,bear
2024-01-30,1025252.0,bear
2024-01-31,1028548.0,bear
2024-02-01,1024367.0,bear
2024-02-02,1024819.0,bear
2024-02-05,1026769.0,bear
2024-02-06,1032457.0,bear
2024-02-07,1032791.0,bear
2024-02-08,1039302.0,bear
2024-02-19,1055198.0,bear
2024-02-20,1054884.0,bear
2024-02-21,1055994.0,bear
2024-02-22,1067594.0,bear
2024-02-23,1062462.0,bear
2024-02-26,1057940.0,bear
2024-02-27,1056004.0,bear
2024-02-28,1051589.0,bear
2024-02-29,1048310.0,bear
2024-03-01,1047649.0,bear
2024-03-04,1062494.0,bear
2024-03-05,1062968.0,bear
2024-03-06,1065904.0,bear
2024-03-07,1068562.0,bear
2024-03-08,1070012.0,bear
2024-03-11,1069555.0,bear
2024-03-12,1064111.0,bear
2024-03-13,1061937.0,bear
2024-03-14,1057104.0,bear
2024-03-15,1053078.0,bear
2024-03-18,1050424.0,bear
2024-03-19,1054795.0,bear
2024-03-20,1000000.0,bear
2024-03-21,994882.0,bear
2024-03-22,985570.0,bear
2024-03-25,976125.0,bear
2024-03-26,976445.0,bear
2024-03-27,962620.0,bear
2024-03-28,973795.0,bear
2024-03-29,980452.0,bear
2024-04-01,986375.0,bear
2024-04-02,982067.0,bear
2024-04-03,973103.0,bear
2024-04-08,963539.0,bear
2024-04-09,967306.0,bear
2024-04-10,954621.0,bear
2024-04-11,955351.0,bear
2024-04-12,951006.0,bear
2024-04-15,933727.0,bear
2024-04-16,913135.0,bear
2024-04-17,937051.0,bear
2024-04-18,939857.0,bear
2024-04-19,934768.0,bear
2024-04-22,933516.0,bear
2024-04-23,938633.0,bear
2024-04-24,943946.0,bear
2024-04-25,946286.0,bear
2024-04-26,952457.0,bear
2024-04-29,959562.0,bear
2024-04-30,961671.0,bear
2024-05-06,967934.0,oscillate
2024-05-07,965895.0,oscillate
2024-05-08,1000000.0,bear
2024-05-09,1000616.0,oscillate
2024-05-10,1001148.0,oscillate
2024-05-13,996819.0,oscillate
2024-05-14,1003708.0,oscillate
2024-05-15,997642.0,bear
2024-05-16,997960.0,oscillate
2024-05-17,994871.0,oscillate
2024-05-20,993585.0,oscillate
2024-05-21,993357.0,oscillate
2024-05-22,990272.0,oscillate
2024-05-23,989661.0,oscillate
2024-05-24,986388.0,bear
2024-05-27,993280.0,oscillate
2024-05-28,992580.0,bear
2024-05-29,989671.0,bear
2024-05-30,987594.0,bear
2024-05-31,988098.0,bear
2024-06-03,986614.0,bear
2024-06-04,992316.0,bear
2024-06-05,988471.0,bear
2024-06-06,988185.0,bear
2024-06-07,983207.0,bear
2024-06-11,981205.0,bear
2024-06-12,980839.0,bear
2024-06-13,982485.0,bear
2024-06-14,985757.0,bear
2024-06-17,983032.0,bear
2024-06-18,982834.0,bear
2024-06-19,981750.0,bear
2024-06-20,1000000.0,bear
2024-06-21,997805.0,bear
2024-06-24,993175.0,bear
2024-06-25,993245.0,bear
2024-06-26,994460.0,bear
2024-06-27,992570.0,bear
2024-06-28,997940.0,bear
2024-07-01,1002815.0,bear
2024-07-02,1003115.0,bear
2024-07-03,999115.0,bear
2024-07-04,997290.0,bear
2024-07-05,994540.0,bear
2024-07-08,995265.0,bear
2024-07-09,1004345.0,bear
2024-07-10,997395.0,bear
2024-07-11,999885.0,bear
2024-07-12,993905.0,bear
2024-07-15,997540.0,bear
2024-07-16,999320.0,bear
2024-07-17,992745.0,bear
2024-07-18,993750.0,bear
2024-07-19,994265.0,bear
2024-07-22,987850.0,bear
2024-07-23,980785.0,bear
2024-07-24,980545.0,bear
2024-07-25,976060.0,bear
2024-07-26,977040.0,bear
2024-07-29,973555.0,bear
2024-07-30,967710.0,bear
2024-07-31,974555.0,bear
2024-08-01,1000000.0,bear
2024-08-02,995260.0,bear
2024-08-05,990128.0,bear
2024-08-06,1011442.0,bear
2024-08-07,1016340.0,bear
2024-08-08,1005395.0,bear
2024-08-09,998987.0,bear
2024-08-12,996864.0,bear
2024-08-13,995086.0,bear
2024-08-14,992937.0,bear
2024-08-15,996131.0,bear
2024-08-16,995029.0,bear
2024-08-19,994564.0,bear
2024-08-20,990476.0,bear
2024-08-21,992104.0,bear
2024-08-22,986862.0,bear
2024-08-23,985891.0,bear
2024-08-26,984287.0,bear
2024-08-27,984065.0,bear
2024-08-28,981165.0,bear
2024-08-29,989709.0,bear
2024-08-30,992712.0,bear
2024-09-02,987387.0,bear
2024-09-03,994187.0,bear
2024-09-04,997458.0,bear
2024-09-05,995911.0,bear
2024-09-06,987479.0,bear
2024-09-09,989380.0,bear
2024-09-10,983973.0,bear
2024-09-11,984706.0,bear
2024-09-12,1000000.0,bear
2024-09-13,998185.0,bear
2024-09-18,999010.0,bear
2024-09-19,998067.0,bear
2024-09-20,996659.0,bear
2024-09-23,995604.0,bear
2024-09-24,998995.0,bear
2024-09-25,1001932.0,bear
2024-09-26,1009958.0,oscillate
2024-09-27,1022066.0,oscillate
2024-09-30,1062245.0,oscillate
2024-10-08,1096368.0,oscillate
2024-10-09,1049437.0,oscillate
2024-10-10,1050114.0,oscillate
2024-10-11,1033349.0,oscillate
2024-10-14,1000000.0,oscillate
2024-10-15,988577.0,oscillate
2024-10-16,990416.0,oscillate
2024-10-17,982523.0,oscillate
2024-10-18,1014637.0,oscillate
2024-10-21,1049713.0,oscillate
2024-10-22,1038939.0,oscillate
2024-10-23,1038855.0,oscillate
2024-10-24,1023053.0,oscillate
2024-10-25,1032162.0,oscillate
2024-10-28,1040513.0,oscillate
2024-10-29,1015028.0,oscillate
2024-10-30,1017348.0,oscillate
2024-10-31,1010650.0,oscillate
2024-11-01,989568.0,oscillate
2024-11-04,1000000.0,oscillate
2024-11-05,1009828.0,oscillate
2024-11-06,1001753.0,oscillate
2024-11-07,1001542.0,oscillate
2024-11-08,996309.0,oscillate
2024-11-11,999501.0,oscillate
2024-11-12,993688.0,oscillate
2024-11-13,993296.0,oscillate
2024-11-14,986680.0,oscillate
2024-11-15,976126.0,oscillate
2024-11-18,959221.0,oscillate
2024-11-19,974063.0,oscillate
2024-11-20,974258.0,oscillate
2024-11-21,977429.0,oscillate
2024-11-22,955818.0,oscillate
2024-11-25,1005643.0,oscillate
2024-11-26,1003194.0,oscillate
2024-11-27,1023985.0,oscillate
2024-11-28,1021705.0,oscillate
2024-11-29,1035624.0,oscillate
2024-12-02,1042584.0,oscillate
2024-12-03,1038139.0,oscillate
2024-12-04,1025539.0,oscillate
2024-12-05,1032222.0,oscillate
2024-12-06,1035601.0,oscillate
2024-12-09,1033688.0,oscillate
2024-12-10,1042298.0,oscillate
2024-12-11,1050729.0,oscillate
2024-12-12,1047516.0,oscillate
2024-12-13,1041116.0,oscillate
2024-12-16,1000000.0,oscillate
2024-12-17,977804.0,oscillate
2024-12-18,980962.0,oscillate
2024-12-19,981063.0,oscillate
2024-12-20,992071.0,oscillate
2024-12-23,974004.0,oscillate
2024-12-24,980226.0,oscillate
2024-12-25,972565.0,oscillate
2024-12-26,975194.0,oscillate
2024-12-27,980110.0,oscillate
2024-12-30,975977.0,oscillate
2024-12-31,961915.0,oscillate
2025-01-02,961792.0,oscillate
2025-01-03,939682.0,oscillate
2025-01-06,934977.0,oscillate
2025-01-07,993084.0,oscillate
2025-01-08,998023.0,oscillate
2025-01-09,992098.0,oscillate
2025-01-10,981884.0,oscillate
2025-01-13,976854.0,oscillate
2025-01-14,993053.0,oscillate
2025-01-15,986123.0,oscillate
2025-01-16,997969.0,oscillate
2025-01-17,1007632.0,oscillate
2025-01-20,1009722.0,oscillate
2025-01-21,1011565.0,oscillate
2025-01-22,1011327.0,oscillate
2025-01-23,1008991.0,oscillate
2025-01-24,1012414.0,oscillate
2025-01-27,1023803.0,oscillate
2025-02-05,1012145.0,oscillate
2025-02-06,1031529.0,oscillate
2025-02-07,1031710.0,oscillate
2025-02-10,1034867.0,oscillate
2025-02-11,1055474.0,oscillate
2025-02-12,1062330.0,oscillate
2025-02-13,1042894.0,oscillate
2025-02-14,1061265.0,oscillate
2025-02-17,1066826.0,oscillate
2025-02-18,1043220.0,oscillate
2025-02-19,1067679.0,oscillate
2025-02-20,1071888.0,oscillate
2025-02-21,1093705.0,oscillate
2025-02-24,1081943.0,oscillate
2025-02-25,1069211.0,oscillate
2025-02-26,1056400.0,oscillate
2025-02-27,1056015.0,oscillate
2025-02-28,1024683.0,oscillate
2025-03-03,1025591.0,oscillate
2025-03-04,1027134.0,oscillate
2025-03-05,1045392.0,oscillate
2025-03-06,1062693.0,oscillate
2025-03-07,1076420.0,oscillate
2025-03-10,1070462.0,oscillate
2025-03-11,1072736.0,oscillate
2025-03-12,1062233.0,oscillate
2025-03-13,1048151.0,oscillate
2025-03-14,1066071.0,oscillate
2025-03-17,1062102.0,oscillate
2025-03-18,1059961.0,oscillate
2025-03-19,1009100.0,oscillate
2025-03-20,1002985.0,oscillate
2025-03-21,995363.0,oscillate
2025-03-24,990199.0,oscillate
2025-03-25,983765.0,oscillate
2025-03-26,991268.0,oscillate
2025-03-27,992292.0,oscillate
2025-03-28,991307.0,oscillate
2025-03-31,984309.0,oscillate
2025-04-01,980091.0,oscillate
2025-04-02,986466.0,oscillate
2025-04-03,981438.0,oscillate
2025-04-07,939599.0,bear
2025-04-08,949068.0,bear
2025-04-09,966024.0,bear
2025-04-10,1000000.0,oscillate
2025-04-11,996170.0,oscillate
2025-04-14,998035.0,oscillate
2025-04-15,994570.0,oscillate
2025-04-16,994010.0,oscillate
2025-04-17,988616.0,oscillate
2025-04-18,992529.0,oscillate
2025-04-21,1000864.0,oscillate
2025-04-22,1006242.0,oscillate
2025-04-23,999531.0,oscillate
2025-04-24,1002358.0,oscillate
2025-04-25,989179.0,oscillate
2025-04-28,980851.0,oscillate
2025-04-29,984830.0,oscillate
2025-04-30,990942.0,oscillate
2025-05-06,1000000.0,oscillate
2025-05-07,1002031.0,oscillate
2025-05-08,1002643.0,oscillate
2025-05-09,999462.0,oscillate
2025-05-12,1010894.0,oscillate
2025-05-13,1020679.0,oscillate
2025-05-14,1016927.0,oscillate
2025-05-15,1009797.0,oscillate
2025-05-16,1006378.0,oscillate
2025-05-19,1004484.0,oscillate
2025-05-20,1006683.0,oscillate
2025-05-21,1003441.0,oscillate
2025-05-22,993968.0,oscillate
2025-05-23,984985.0,oscillate
2025-05-26,985782.0,oscillate
2025-05-27,1002436.0,oscillate
2025-05-28,1000274.0,oscillate
2025-05-29,1002892.0,oscillate
2025-05-30,997679.0,oscillate
2025-06-03,999144.0,oscillate
2025-06-04,1002496.0,oscillate
2025-06-05,1013045.0,oscillate
2025-06-06,1018675.0,oscillate
2025-06-09,1020512.0,oscillate
2025-06-10,1026751.0,oscillate
2025-06-11,1034700.0,oscillate
2025-06-12,1027852.0,oscillate
2025-06-13,1006752.0,oscillate
2025-06-16,1002223.0,oscillate
2025-06-17,989130.0,oscillate
2025-06-18,1000000.0,oscillate
2025-06-19,1004809.0,oscillate
2025-06-20,1009197.0,oscillate
2025-06-23,1012246.0,oscillate
2025-06-24,1032396.0,oscillate
2025-06-25,1056975.0,oscillate
2025-06-26,1038729.0,oscillate
2025-06-27,1034343.0,oscillate
2025-06-30,1060206.0,oscillate
2025-07-01,1058199.0,oscillate
2025-07-02,1049000.0,oscillate
2025-07-03,1053845.0,oscillate
2025-07-04,1071390.0,oscillate
2025-07-07,1078082.0,oscillate
2025-07-08,1088841.0,oscillate
2025-07-09,1083978.0,oscillate
2025-07-10,1068897.0,oscillate
2025-07-11,1062010.0,oscillate
2025-07-14,1042019.0,oscillate
2025-07-15,1038313.0,oscillate
2025-07-16,1037963.0,oscillate
2025-07-17,1041481.0,oscillate
2025-07-18,1038615.0,oscillate
2025-07-21,1045119.0,oscillate
2025-07-22,1040176.0,oscillate
2025-07-23,1038723.0,oscillate
2025-07-24,1043221.0,oscillate
2025-07-25,1040430.0,oscillate
2025-07-28,1045055.0,oscillate
2025-07-29,1052568.0,oscillate
2025-07-30,1000000.0,oscillate
2025-07-31,996741.0,oscillate
2025-08-01,986481.0,oscillate
2025-08-04,1007236.0,oscillate
2025-08-05,1006538.0,oscillate
2025-08-06,998364.0,oscillate
2025-08-07,994641.0,oscillate
2025-08-08,995469.0,oscillate
2025-08-11,1000108.0,oscillate
2025-08-12,1015442.0,oscillate
2025-08-13,1027234.0,oscillate
2025-08-14,1015411.0,oscillate
2025-08-15,1020027.0,oscillate
2025-08-18,1025791.0,oscillate
2025-08-19,1033092.0,oscillate
2025-08-20,1018272.0,oscillate
2025-08-21,1022729.0,oscillate
2025-08-22,1045400.0,oscillate
2025-08-25,1085383.0,oscillate
2025-08-26,1090536.0,oscillate
2025-08-27,1059490.0,oscillate
2025-08-28,1081394.0,oscillate
2025-08-29,1063740.0,oscillate
2025-09-01,1074279.0,oscillate
2025-09-02,1060930.0,oscillate
2025-09-03,1061824.0,oscillate
2025-09-04,1041766.0,oscillate
2025-09-05,1064935.0,oscillate
2025-09-08,1087529.0,oscillate
2025-09-09,1081409.0,oscillate
2025-09-10,1045248.0,oscillate
2025-09-11,1052988.0,oscillate
2025-09-12,1044834.0,oscillate
2025-09-15,1037234.0,oscillate
2025-09-16,1039870.0,oscillate
2025-09-17,1049445.0,oscillate
2025-09-18,1055180.0,oscillate
2025-09-19,1047153.0,oscillate
2025-09-22,1050110.0,oscillate
2025-09-23,1028297.0,oscillate
2025-09-24,1031745.0,oscillate
2025-09-25,1028701.0,oscillate
2025-09-26,1010447.0,oscillate
2025-09-29,1013428.0,oscillate
2025-09-30,1011715.0,oscillate
2025-10-09,996401.0,oscillate
2025-10-10,977553.0,oscillate
2025-10-13,965305.0,oscillate
2025-10-14,945430.0,oscillate
2025-10-15,953381.0,oscillate
2025-10-16,940467.0,oscillate
2025-10-17,917203.0,oscillate
2025-10-20,923202.0,oscillate
2025-10-21,944339.0,oscillate
2025-10-22,938962.0,oscillate
2025-10-23,936565.0,oscillate
2025-10-24,948154.0,oscillate
2025-10-27,949444.0,oscillate
2025-10-28,947778.0,oscillate
2025-10-29,971980.0,oscillate
2025-10-30,991000.0,oscillate
2025-10-31,989072.0,oscillate
2025-11-03,999521.0,oscillate
2025-11-04,993069.0,oscillate
2025-11-05,991218.0,oscillate
2025-11-06,999261.0,oscillate
2025-11-07,997550.0,oscillate
2025-11-10,996720.0,oscillate
2025-11-11,993234.0,oscillate
2025-11-12,989226.0,oscillate
2025-11-13,991848.0,oscillate
2025-11-14,992455.0,oscillate
2025-11-17,994422.0,oscillate
2025-11-18,986997.0,oscillate
2025-11-19,984978.0,oscillate
2025-11-20,1000000.0,oscillate
2025-11-21,991530.0,oscillate
2025-11-24,1002362.0,oscillate
2025-11-25,1030316.0,oscillate
2025-11-26,1021846.0,oscillate
2025-11-27,1027344.0,oscillate
2025-11-28,1023852.0,oscillate
2025-12-01,1027498.0,oscillate
2025-12-02,1024245.0,oscillate
2025-12-03,1014923.0,oscillate
2025-12-04,1004929.0,oscillate
2025-12-05,1003985.0,oscillate
2025-12-08,1003670.0,oscillate
2025-12-09,990706.0,oscillate
2025-12-10,997171.0,oscillate
2025-12-11,1003332.0,oscillate
2025-12-12,993827.0,oscillate
2025-12-15,986716.0,oscillate
2025-12-16,979528.0,oscillate
2025-12-17,991217.0,oscillate
2025-12-18,989960.0,oscillate
2025-12-19,992302.0,oscillate
2025-12-22,990793.0,oscillate
2025-12-23,988170.0,oscillate
2025-12-24,991770.0,oscillate
2025-12-25,999076.0,oscillate
2025-12-26,999759.0,oscillate
2025-12-29,994894.0,oscillate
2025-12-30,1003698.0,oscillate
2025-12-31,993199.0,oscillate
2026-01-05,1020944.0,oscillate
2026-01-06,1020354.0,oscillate
2026-01-07,1031990.0,oscillate
2026-01-08,1031203.0,oscillate
2026-01-09,1035341.0,oscillate
2026-01-12,1061637.0,oscillate
2026-01-13,1068177.0,oscillate
2026-01-14,1068913.0,oscillate
2026-01-15,1055856.0,oscillate
2026-01-16,1048101.0,oscillate
2026-01-19,1060894.0,oscillate
2026-01-20,1039823.0,oscillate
2026-01-21,1055248.0,oscillate
2026-01-22,1053075.0,oscillate
2026-01-23,1047391.0,oscillate
2026-01-26,1005300.0,oscillate
2026-01-27,998288.0,oscillate
2026-01-28,1002627.0,oscillate
2026-01-29,1002932.0,oscillate
2026-01-30,997774.0,oscillate
2026-02-02,988785.0,oscillate
2026-02-03,1005504.0,oscillate
2026-02-04,995191.0,oscillate
2026-02-05,981057.0,oscillate
2026-02-06,976391.0,oscillate
2026-02-09,989509.0,oscillate
2026-02-10,996614.0,oscillate
2026-02-11,994839.0,oscillate
2026-02-12,998897.0,oscillate
2026-02-13,985521.0,oscillate
2026-02-24,1004508.0,oscillate
2026-02-25,1002347.0,oscillate
2026-02-26,1002639.0,oscillate
2026-02-27,1017068.0,oscillate
2026-03-02,1009277.0,oscillate
2026-03-03,992776.0,oscillate
2026-03-04,993614.0,oscillate
2026-03-05,987388.0,oscillate
2026-03-06,992852.0,oscillate
